-- phpMyAdmin SQL Dump
-- version 3.4.11.1deb1
-- http://www.phpmyadmin.net
--
-- Servidor: localhost
-- Tiempo de generación: 25-03-2013 a las 20:41:06
-- Versión del servidor: 5.5.29
-- Versión de PHP: 5.4.6-1ubuntu1.2

SET SQL_MODE="NO_AUTO_VALUE_ON_ZERO";
SET time_zone = "+00:00";


/*!40101 SET @OLD_CHARACTER_SET_CLIENT=@@CHARACTER_SET_CLIENT */;
/*!40101 SET @OLD_CHARACTER_SET_RESULTS=@@CHARACTER_SET_RESULTS */;
/*!40101 SET @OLD_COLLATION_CONNECTION=@@COLLATION_CONNECTION */;
/*!40101 SET NAMES utf8 */;

--
-- Base de datos: `jpsuv_estructura`
--

-- --------------------------------------------------------

--
-- Estructura de tabla para la tabla `auditorias`
--

CREATE TABLE IF NOT EXISTS `auditorias` (
  `id` int(11) NOT NULL AUTO_INCREMENT,
  `usuarios_id` int(11) NOT NULL,
  `fecha_at` date NOT NULL,
  `accion_realizada` text NOT NULL,
  `tabla_afectada` varchar(150) DEFAULT NULL,
  `ip` varchar(30) DEFAULT NULL,
  PRIMARY KEY (`id`),
  KEY `usuarios_id` (`usuarios_id`)
) ENGINE=InnoDB  DEFAULT CHARSET=utf8 AUTO_INCREMENT=3 ;

--
-- Volcado de datos para la tabla `auditorias`
--

INSERT INTO `auditorias` (`id`, `usuarios_id`, `fecha_at`, `accion_realizada`, `tabla_afectada`, `ip`) VALUES
(1, 3, '2013-03-25', 'Editó la Configuración de la aplicación', 'ARCHIVO CONFIG.INI', '127.0.0.1'),
(2, 5, '2013-03-25', 'UPDATE usuarios SET login = ''chuy'',clave = ''baBktyFRRh5qs'',nombres = ''Jesús Perez'',email = ''jeenpeve@hotmail.com'',activo = ''1'',tipo = ''0'',municipio_id = NULL WHERE  id = ''5''', 'USUARIOS', '127.0.0.1');

-- --------------------------------------------------------

--
-- Estructura de tabla para la tabla `centro_votacion`
--

CREATE TABLE IF NOT EXISTS `centro_votacion` (
  `id` int(11) NOT NULL AUTO_INCREMENT,
  `cod_centro` int(5) DEFAULT NULL,
  `tipo` int(1) DEFAULT NULL,
  `cod_estado` int(1) DEFAULT NULL,
  `cod_municipio` int(2) DEFAULT NULL,
  `cod_parroquia` int(1) DEFAULT NULL,
  `nombre_centro` varchar(87) DEFAULT NULL,
  `G` varchar(15) DEFAULT NULL,
  `H` int(8) DEFAULT NULL,
  PRIMARY KEY (`id`)
) ENGINE=InnoDB  DEFAULT CHARSET=utf8 AUTO_INCREMENT=699 ;

--
-- Volcado de datos para la tabla `centro_votacion`
--

INSERT INTO `centro_votacion` (`id`, `cod_centro`, `tipo`, `cod_estado`, `cod_municipio`, `cod_parroquia`, `nombre_centro`, `G`, `H`) VALUES
(1, 9100, 1, 4, 1, 3, 'ESCUELA BASICA ANTONIA ESTELLER', NULL, NULL),
(2, 9101, 4, 4, 1, 3, 'CENTRO DE LA COMINIDAD MADRE MARIA', NULL, NULL),
(3, 10505, 1, 4, 11, 1, 'CENTRO MOVIL', NULL, NULL),
(4, 9262, 1, 4, 1, 6, 'CASA DE LOS NIÑOS SIMON CARREÑO RODRIGUEZ', NULL, NULL),
(5, 10567, 1, 4, 14, 1, 'UNIDAD EDUCATIVA ESTADAL CUMBOTE', NULL, NULL),
(6, 90131, 2, 4, 1, 1, 'C.C. MARACAY', NULL, NULL),
(7, 90141, 2, 4, 1, 1, 'UNIV. BICENTENARIA ARAGUA', NULL, NULL),
(8, 10800, 1, 4, 5, 1, 'ESCUELA UNITARIA Nº 131', NULL, NULL),
(9, 9531, 1, 4, 1, 8, 'FUNDACION ORQUESTA JUVENIL E INFANTIL DE ARAGUA', NULL, NULL),
(10, 10620, 1, 4, 4, 1, 'ESCUELA ESTADAL UNITARIA Nº 572', NULL, NULL),
(11, 8940, 1, 4, 1, 1, 'ESCUELA BASICA CRISTOBAL MENDOZA', NULL, NULL),
(12, 8941, 1, 4, 1, 1, 'COLEGIO BELLA VISTA', NULL, NULL),
(13, 8942, 1, 4, 1, 1, 'UNIDAD EDUCATIVA ESTADAL DOCTOR EMILIO MEDINA', NULL, NULL),
(14, 8943, 1, 4, 1, 1, 'FUNDACOMUN', NULL, NULL),
(15, 8944, 1, 4, 1, 1, 'ESCUELA BASICA NACIONAL BOLIVARIANA SILANIA PERAZA UDDIS', NULL, NULL),
(16, 8960, 1, 4, 1, 1, 'UNIVERSIDAD PEDAGOGICA MARACAY', NULL, NULL),
(17, 8961, 1, 4, 1, 1, 'CORPOSALUD', NULL, NULL),
(18, 8970, 1, 4, 1, 1, 'ESCUELA BASICA ANTONIO ARRAIZ', NULL, NULL),
(19, 8971, 4, 4, 1, 1, 'AMBULATORIO DEL NORTE', NULL, NULL),
(20, 8972, 4, 4, 1, 1, 'E.B ANTONIO ARRAIZ', NULL, NULL),
(21, 8981, 4, 4, 1, 1, 'POLIDEPORTIVO FUNDEGIR', NULL, NULL),
(22, 8982, 4, 4, 1, 1, 'CICLO BASICO ANDRES ANDRES BELLO', NULL, NULL),
(23, 8990, 5, 4, 1, 1, 'CICLO BASICO ANDRES BELLO', NULL, NULL),
(24, 9123, 1, 4, 1, 1, 'UNIDAD EDUCATIVA NACIONAL FRANCISCO GUEDEZ COLMENARES', NULL, NULL),
(25, 9270, 1, 4, 1, 1, 'UNIDAD EDUCATIVA ESTADAL DOLORES MENDOZA DE OSORIO', NULL, NULL),
(26, 9280, 1, 4, 1, 1, 'ESCUELA BASICA NACIONAL LAS DELICIAS', NULL, NULL),
(27, 9281, 1, 4, 1, 1, 'UNIDAD EDUCATIVA PRIVADA INTERNACIONAL', NULL, NULL),
(28, 9282, 5, 4, 1, 1, 'UNIDAD EDUCATIVA PRIVADA COLEGIO DOCTOR GUSTAVO H MACHADO', NULL, NULL),
(29, 9283, 1, 4, 1, 1, 'UNIDAD EDUCATIVA NACIONAL BOLIVARIANA LOS NARAJOS I.', NULL, NULL),
(30, 9620, 1, 4, 1, 2, 'UNIDAD EDUCATIVA NACIONAL BOLIVARIANA CHORONI', NULL, NULL),
(31, 9630, 1, 4, 1, 2, 'ESCUELA BASICA OSCAR ENRIQUE ORTEGA PALMA', NULL, NULL),
(32, 9640, 1, 4, 1, 2, 'UNIDAD EDUCATIVA CHORONI', NULL, NULL),
(33, 8980, 1, 4, 1, 3, 'CONSERVATORIO DE MUSICA', NULL, NULL),
(34, 8983, 1, 4, 1, 3, 'CASA DE LA CULTURA', NULL, NULL),
(35, 8984, 1, 4, 1, 3, 'SEDE DEL COLEGIO DE PROFESORES DEL ESTADO ARAGUA', NULL, NULL),
(36, 8985, 1, 4, 1, 3, 'CENTRO DE DESARROLLO INFANTIL ARAGUA', NULL, NULL),
(37, 9020, 1, 4, 1, 3, 'ESCUELA BASICA GREGORIA DIAZ', NULL, NULL),
(38, 9021, 1, 4, 1, 3, 'ESCUELA BASICA JUSTINA GUERRA', NULL, NULL),
(39, 9022, 1, 4, 1, 3, 'SAPANA', NULL, NULL),
(40, 9030, 1, 4, 1, 3, 'LICEO AGUSTIN CODAZZI', NULL, NULL),
(41, 9032, 1, 4, 1, 3, 'BIBLIOTECA VIRTUAL', NULL, NULL),
(42, 9040, 1, 4, 1, 3, 'UNIDAD EDUCATIVA NACIONAL BOLIVARIANO FELIPE GUEVARA ROJAS', NULL, NULL),
(43, 9090, 1, 4, 1, 3, 'ESCUELA BASICA VICTOR MANUEL PATIO', NULL, NULL),
(44, 9091, 5, 4, 1, 3, 'PRESCOLAR NACIONAL BOLIVARIANO MARIA TERESA TORO', NULL, NULL),
(45, 9201, 5, 4, 1, 3, 'HOGAIN ATANACIO GIRARDOT (PARQUE DE EXPOSICION DE FERIAS)', NULL, NULL),
(46, 9202, 1, 4, 1, 3, 'UNIDAD EDUCATIVA NACIONAL LUIS MARIANO RIVERA', NULL, NULL),
(47, 9214, 1, 4, 1, 3, 'CICLO BASICO CARLOS ARRIETA', NULL, NULL),
(48, 9250, 1, 4, 1, 3, 'ESCUELA BASICA ESTADAL JULIO MORALES LARA', NULL, NULL),
(49, 9260, 1, 4, 1, 3, 'CICLO BASICO ARAGUA', NULL, NULL),
(50, 9261, 5, 4, 1, 3, 'COLEGIO HUMBOLT', NULL, NULL),
(51, 9471, 1, 4, 1, 3, 'ALDEA UNIVERSITARIA ANTONIO JOSE DE SUCRE', NULL, NULL),
(52, 9473, 1, 4, 1, 3, 'COLEGIO PRIVADO NUESTRA SEÑORA DE LAS MERCEDES DE ARAGUA', NULL, NULL),
(53, 9474, 1, 4, 1, 3, 'ESCUELA DE ARTE DRAMATICO SEDE ARAGUA', NULL, NULL),
(54, 9070, 1, 4, 1, 4, 'GRUPO ESCOLAR JESUS PACHECO ROJAS', NULL, NULL),
(55, 9071, 4, 4, 1, 4, 'ATAD (ARAGUA TERRITORIO ANTIDROGAS)', NULL, NULL),
(56, 9072, 1, 4, 1, 4, 'ESCUELA BASICA NACIONAL BOLIVARIANA MARACAY', NULL, NULL),
(57, 9073, 1, 4, 1, 4, 'CENTRO DE EDUCACION DE ADULTOS CACIQUE CHARAIMA', NULL, NULL),
(58, 9074, 1, 4, 1, 4, 'ESCUELA BASICA LAS ACACIAS', NULL, NULL),
(59, 9120, 1, 4, 1, 4, 'GRUPO ESCOLAR MIGUEL JOSE SANZ', NULL, NULL),
(60, 9121, 4, 4, 1, 4, 'AMBULTORIO ARMANDO CASTILLO P', NULL, NULL),
(61, 9122, 1, 4, 1, 4, 'ESCUELA BASICA JOSEFINA BRITO', NULL, NULL),
(62, 9124, 1, 4, 1, 4, 'PREESCOLAR PIOÑAL', NULL, NULL),
(63, 9131, 1, 4, 1, 4, 'ESCUELA BASICA VENEZUELA', NULL, NULL),
(64, 9140, 1, 4, 1, 4, 'ESCUELA BASICA ARAGUA', NULL, NULL),
(65, 9142, 1, 4, 1, 4, 'CENTRO DE ATENCION INTEGRAL A NIÑOS Y NIÑAS DE LA SEGUNDA INFANCIA DE MARACAY', NULL, NULL),
(66, 9143, 4, 4, 1, 4, 'FUNDAFAMILIA', NULL, NULL),
(67, 9144, 4, 4, 1, 4, 'LICEO JOSE LUIS RAMOS', NULL, NULL),
(68, 9150, 1, 4, 1, 4, 'LICEO JOSE LUIS RAMOS', NULL, NULL),
(69, 9216, 4, 4, 1, 4, 'CASA DE RETIRO SAN BARTOLOME', NULL, NULL),
(70, 9230, 1, 4, 1, 4, 'GRUPO ESCOLAR JESUS HERNANDEZ PRADO', NULL, NULL),
(71, 9231, 4, 4, 1, 4, 'MODULO BARRIO ADENTRO', NULL, NULL),
(72, 9232, 4, 4, 1, 4, 'PREESCOLAR PIÑONAL', NULL, NULL),
(73, 9240, 1, 4, 1, 4, 'ESCUELA GRADUADA SANTOS MICHELENA', NULL, NULL),
(74, 9252, 1, 4, 1, 4, 'ESCUELA GRADUADA JACOB PEREZ CARBALLO', NULL, NULL),
(75, 9253, 1, 4, 1, 4, 'CENTRO JUVENIL PIÑONAL', NULL, NULL),
(76, 9265, 1, 4, 1, 4, 'CASA DE USOS MULTIPLES GUASIMAL', NULL, NULL),
(77, 9210, 1, 4, 1, 5, 'ESCUELA BASICA JOSE ANTONIO PAEZ', NULL, NULL),
(78, 9211, 4, 4, 1, 5, 'MODULO DE SERVICIO SAN CARLOS', NULL, NULL),
(79, 9212, 1, 4, 1, 5, 'ESCUELA BASICA ARNOLDO GABALDON', NULL, NULL),
(80, 9213, 1, 4, 1, 5, 'ESCUELA BASICA EDMUNDO ARENCIBIA', NULL, NULL),
(81, 9215, 1, 4, 1, 5, 'ESCUELA BASICA JULIO PAEZ', NULL, NULL),
(82, 9217, 1, 4, 1, 5, 'ESCUELA BASICA NACIONAL ANA FERNANDEZ RAMIREZ', NULL, NULL),
(83, 9218, 1, 4, 1, 5, 'CICLO BASICA ATANACIO GIRARDOT', NULL, NULL),
(84, 9219, 1, 4, 1, 5, 'ESCUELA BASICA LETICIA MUDARRA DE LOPEZ', NULL, NULL),
(85, 9220, 4, 4, 1, 5, 'ESC.BAS. NAC. ANA FERNANDEZ RAMIREZ', NULL, NULL),
(86, 9221, 4, 4, 1, 5, 'E.B LETICIA MUDARRA DE LOPEZ', NULL, NULL),
(87, 9222, 1, 4, 1, 5, 'UNIDAD EDUCATIVA NACIONAL JOSE MARTI', NULL, NULL),
(88, 9223, 1, 4, 1, 5, 'UNIDAD EDUCATIVA ESTADAL ENRIQUE VASQUEZ FERMIN', NULL, NULL),
(89, 9224, 1, 4, 1, 5, 'ESCUELA BASICA ESTADAL ANTONIO JOSE DE SUCRE', NULL, NULL),
(90, 9254, 1, 4, 1, 5, 'UNIDAD EDUCATIVA NACIONAL LOS SAMANES', NULL, NULL),
(91, 9255, 1, 4, 1, 5, 'ESCUELA BASICA SAN RAFAEL', NULL, NULL),
(92, 9256, 4, 4, 1, 5, 'UNIDAD EDUCATIVA SANTA MARTA', NULL, NULL),
(93, 9258, 1, 4, 1, 5, 'CASA USOS MULTIPLES LOS SAMANES', NULL, NULL),
(94, 9259, 1, 4, 1, 5, 'UNIDAD EDUCATIVA COOPERATIVA LAS NIEVES', NULL, NULL),
(95, 9290, 1, 4, 1, 5, 'JARDIN DE INFANCIA RIO BLANCO I', NULL, NULL),
(96, 9293, 1, 4, 1, 5, 'ESCUELA BASICA ISABEL TERESA RANGEL', NULL, NULL),
(97, 9298, 1, 4, 1, 5, 'UNIDAD EDUCATIVA PRIVADA DOCTOR LUIS RAZETTI', NULL, NULL),
(98, 9299, 1, 4, 1, 5, 'PREESCOLAR NACIONAL JOSE GREGORIO HERNANDEZ', NULL, NULL),
(99, 9302, 1, 4, 1, 5, 'PRE-ESCOLAR BOLIVARIANO NACIONAL EDMUNDO ARENCIBIA', NULL, NULL),
(100, 9303, 1, 4, 1, 5, 'UNIDAD EDUCATIVA PRIVADA SANTA MARTA.', NULL, NULL),
(101, 9304, 1, 4, 1, 5, 'ESCUELA BASICA NACIONAL SAN PEDRO ALEJANDRINO', NULL, NULL),
(102, 9011, 1, 4, 1, 6, 'ESCUELA BASICA MORAL Y LUCES', NULL, NULL),
(103, 9012, 5, 4, 1, 6, 'UNIDAD EDUCATIVA ESTADAL OLINTO MORA VASQUEZ', NULL, NULL),
(104, 9013, 1, 4, 1, 6, 'ESCUELA BASICA NACIONAL ANDRES ELOY BLANCO', NULL, NULL),
(105, 9050, 1, 4, 1, 6, 'ESCUELA BASICA RAFAEL URDANETA', NULL, NULL),
(106, 9051, 1, 4, 1, 6, 'INSTITUTO MARISCAL DE AYACUCHO', NULL, NULL),
(107, 9060, 1, 4, 1, 6, 'ESCUELA BASICA LUCAS GUILLERMO CASTILLO', NULL, NULL),
(108, 9062, 1, 4, 1, 6, 'ESCUELA PRIVADA ACADEMUS', NULL, NULL),
(109, 9063, 1, 4, 1, 6, 'ESCUELA BASICA PRIVADA VICENTE LECUNA', NULL, NULL),
(110, 9064, 1, 4, 1, 6, 'INCE INDUSTRIAL POLIVALENTE', NULL, NULL),
(111, 9160, 1, 4, 1, 6, 'CICLO BASICO MANUEL ANTONIO CARREÑO', NULL, NULL),
(112, 9170, 2, 4, 1, 6, 'ESC BAS SIMON BOLIVAR', NULL, NULL),
(113, 9180, 1, 4, 1, 6, 'CENTRO DE FORMACION INDUSTRIAL MARACAY INCE', NULL, NULL),
(114, 9181, 1, 4, 1, 6, 'UNIDAD EDUCATIVA SIMON BOLIVAR', NULL, NULL),
(115, 9190, 1, 4, 1, 6, 'ESCUELA BASICA VICTOR LINO GOMEZ', NULL, NULL),
(116, 9191, 5, 4, 1, 6, 'ESCUELA BASICA MARY DIAZ DE ESPAA', NULL, NULL),
(117, 9192, 1, 4, 1, 6, 'UNIDAD EDUCATIVA NACIONAL AC CREACION CAMPO ALEGRE', NULL, NULL),
(118, 9193, 1, 4, 1, 6, 'PREESCOLAR NACIONAL CAMPO ALEGRE', NULL, NULL),
(119, 9251, 1, 4, 1, 6, 'ESCUELA BASICA JUAN LOVERA', NULL, NULL),
(120, 9257, 1, 4, 1, 6, 'UNIDAD EDUCATIVA PRIVADA INSTITUTO EDUCATIVO EL PRECURSOR', NULL, NULL),
(121, 9263, 1, 4, 1, 6, 'CENTRO DE EDUCACION INICIAL AQUILES NAZOA', NULL, NULL),
(122, 9264, 1, 4, 1, 6, 'CENTRO TALLER ASOCIACION PROMOCIÓN DE LA EDUCACIÓN POPULAR NUESTRA SEÑORA DE LOURDES', NULL, NULL),
(123, 9350, 5, 4, 1, 7, 'ESCUELA BASICA ESTADAL LA DEMOCRACIA', NULL, NULL),
(124, 9351, 1, 4, 1, 7, 'UNIDAD EDUCATIVA NACIONAL JOSE RIBAS BALBOA', NULL, NULL),
(125, 9352, 1, 4, 1, 7, 'INSTITUTO UNIVERSITARIO DE TECNOLOGIA ANTONIO RICAURTE', NULL, NULL),
(126, 9353, 1, 4, 1, 7, 'UNIDAD EDUCATIVA ESPECIAL MARACAY', NULL, NULL),
(127, 9370, 1, 4, 1, 7, 'ESCUELA BASICA ESTADAL TRINO CELIS RIOS', NULL, NULL),
(128, 9371, 1, 4, 1, 7, 'LICEO DON ROMULO GALLEGOS', NULL, NULL),
(129, 9390, 1, 4, 1, 7, 'UNIDAD EDUCATIVA NACIONAL BASICA VALENTIN ESPINAL', NULL, NULL),
(130, 9400, 1, 4, 1, 7, 'ESCUELA BASICA EUTIMIO RIVAS', NULL, NULL),
(131, 9410, 1, 4, 1, 7, 'ESCUELA BASICA JOSE ANTONIO MAITIN', NULL, NULL),
(132, 9440, 1, 4, 1, 7, 'ESCUELA BASICA VIRGINIA PEREZ DE ORAMAS', NULL, NULL),
(133, 9441, 1, 4, 1, 7, 'ESCUELA BASICA ESTADAL JOSE RAMON GONZALEZ BAQUERO', NULL, NULL),
(134, 9442, 5, 4, 1, 7, 'MODULO DE SERVICIO BRISAS DEL LAGO', NULL, NULL),
(135, 9444, 4, 4, 1, 7, 'MERCAL TIPO 2', NULL, NULL),
(136, 9445, 4, 4, 1, 7, 'U E EST. ING. JESUS BRICEÑO H', NULL, NULL),
(137, 9446, 1, 4, 1, 7, 'ESCUELA BASICA NACIONAL BRISAS DEL LAGO', NULL, NULL),
(138, 9450, 1, 4, 1, 7, 'CICLO BASICO JUAN VICENTE BOLIVAR', NULL, NULL),
(139, 9460, 1, 4, 1, 7, 'ESCUELA BASICA PILAR PELGRON', NULL, NULL),
(140, 9470, 5, 4, 1, 7, 'ESCUELA BASICA REPUBLICA DE MEJICO', NULL, NULL),
(141, 9472, 1, 4, 1, 7, 'COLEGIO LOPE DE VEGAS', NULL, NULL),
(142, 9480, 1, 4, 1, 7, 'ESCUELA BASICA ARMANDO ZULUAGA BLANCO', NULL, NULL),
(143, 9530, 1, 4, 1, 7, 'ESCUELA BASICA INES ALFONSO DE PEREZ', NULL, NULL),
(144, 9772, 1, 4, 1, 7, 'INSTITUTO TECNOLOGICO CARLOS SOUBLETTE', NULL, NULL),
(145, 9778, 4, 4, 1, 7, 'PREESCOLAR BOLIVARIANO EL INDIO.', NULL, NULL),
(146, 9779, 1, 4, 1, 7, 'ESCUELA BASICA NACIONAL BOLIVARIANA JACINTO FOMBONA PACHANO', NULL, NULL),
(147, 9292, 1, 4, 1, 8, 'ESCUELA BASICA CIRO MALDONADO ZERPA', NULL, NULL),
(148, 9294, 4, 4, 1, 8, 'NUESTRA SEÑORA DEL PILAR', NULL, NULL),
(149, 9295, 4, 4, 1, 8, 'UNIDAD EDUCATIVA RAIMUNDO ANDUEZA PALACIOS', NULL, NULL),
(150, 9296, 1, 4, 1, 8, 'PREESCOLAR SIMON BOLIVAR', NULL, NULL),
(151, 9297, 1, 4, 1, 8, 'ESCUELA BASICA PRIVADA ESCUELA TALLER SAN MARCELINO CHAMPAGNAT', NULL, NULL),
(152, 9300, 1, 4, 1, 8, 'ESCUELA BASICA JOSE MARIA BENITEZ', NULL, NULL),
(153, 9301, 1, 4, 1, 8, 'UNIDAD EDUCATIVA NACIONAL ALFREDO EMILIO BERROTERAN', NULL, NULL),
(154, 9310, 1, 4, 1, 8, 'ESCUELA TECNICA INDUSTRIAL JOAQUIN AVELLAN', NULL, NULL),
(155, 9320, 1, 4, 1, 8, 'ESCUELA BASICA ATANACIO GIRARDOT', NULL, NULL),
(156, 9380, 1, 4, 1, 8, 'ESCUELA BASICA AGUSTIN AVELEDO', NULL, NULL),
(157, 9430, 1, 4, 1, 8, 'ESCUELA BASICA ESTADAL ARMANDO REVERON', NULL, NULL),
(158, 9431, 4, 4, 1, 8, 'MODULO DE SERVICIOS SAN VICENTE', NULL, NULL),
(159, 9432, 1, 4, 1, 8, 'UNIDAD EDUCATIVA NACIONAL ANTONIO GARCIA ROJO', NULL, NULL),
(160, 9433, 1, 4, 1, 8, 'UNIDAD EDUCATIVA GRAN MARISCAL DE AYACUCHO', NULL, NULL),
(161, 9434, 1, 4, 1, 8, 'ESCUELA BASICA CONCENTRADA SAN VICENTE', NULL, NULL),
(162, 9490, 1, 4, 1, 8, 'ESCUELA BASICA ANIBAL CASTILLO', NULL, NULL),
(163, 9500, 1, 4, 1, 8, 'ESCUELA BASICA PADRE LOPEZ AVELEDO', NULL, NULL),
(164, 9510, 1, 4, 1, 8, 'ESCUELA BASICA ELIODORO BETANCOURT', NULL, NULL),
(165, 9511, 1, 4, 1, 8, 'UNIDAD EDUCATIVA LUIS BELTRAN PRIETO FIGUEROA', NULL, NULL),
(166, 9512, 4, 4, 1, 8, 'MERCAL TIPO II', NULL, NULL),
(167, 9513, 4, 4, 1, 8, 'E.B ELIODORO BETANCURT', NULL, NULL),
(168, 9520, 1, 4, 1, 8, 'ESCUELA BASICA FEDERICO GARCIA ARIAS', NULL, NULL),
(169, 9521, 1, 4, 1, 8, 'ESCUELA ESTADAL 24 DE JULIO', NULL, NULL),
(170, 9522, 1, 4, 1, 8, 'UNIDAD EDUCATIVA PRIVADA JESUS CAUTIVO.', NULL, NULL),
(171, 9523, 1, 4, 1, 8, 'UNIDAD EDUCATIVA PRIVADA PEDRO EMILIO COLL', NULL, NULL),
(172, 9524, 1, 4, 1, 8, 'UNIDAD EDUCATIVA NACIONAL EL VIÑEDO', NULL, NULL),
(173, 9525, 1, 4, 1, 8, 'UNIDAD EDUCATIVA PADRE JUAN JOSE ZUGARRAMUNDI (FE Y ALEGRIA)', NULL, NULL),
(174, 9526, 1, 4, 1, 8, 'UNIDAD EDUCATIVA .ESTADAL GENERAL JOSE DE SAN MARTIN', NULL, NULL),
(175, 9527, 1, 4, 1, 8, 'UNIDAD EDUCATIVA PRIVADA. JUAN ANTONIO PEREZ BONALDE', NULL, NULL),
(176, 9528, 1, 4, 1, 8, 'CENTRO DE EDUCACIÓN INICIAL JABILIO REYES OCHOA.', NULL, NULL),
(177, 9529, 1, 4, 1, 8, 'ESCUELA BASICA NACIONAL.BALBINA GALVIS DE RODRIGUEZ', NULL, NULL),
(178, 9532, 1, 4, 1, 8, 'BIBLIOTECA VIRTUAL SAN VICENTE', NULL, NULL),
(179, 9533, 1, 4, 1, 8, 'CASA DE LOS NINOS MAESTRO JOSE VICENTE GONZALEZ', NULL, NULL),
(180, 9534, 1, 4, 1, 8, 'UNIDAD EDUCATIVA DE ADULTO ESCUELA TALLER MONSEÑOR ARIAS BLANCO', NULL, NULL),
(181, 9535, 1, 4, 1, 8, 'UNIVERSIDAD POLITECNICA TERRITORIAL DE ARAGUA EXTENCION MARACAY', NULL, NULL),
(182, 9536, 1, 4, 1, 8, 'TALLER DE EDUCACION LABORAL NACIONAL SAN VICENTE EDUCACION ESPECIAL', NULL, NULL),
(183, 9537, 4, 4, 1, 8, 'INSTITUTO UNIVERSITARIO DE TECNOLOGIA INDUSTRIAL', NULL, NULL),
(184, 9831, 2, 4, 2, 1, 'UNIDAD GERIATRICA ANTONIO RAMIA.', NULL, NULL),
(185, 9832, 1, 4, 2, 1, 'UNIDAD EDUCATIVA PRIVADA BICENTENARIO DE LA INDEPENDENCIA', NULL, NULL),
(186, 9850, 1, 4, 2, 1, 'ESCUELA BASICA NACIONAL TURMERO', NULL, NULL),
(187, 9880, 1, 4, 2, 1, 'CICLO COMBINADO RAMON BASTIDAS', NULL, NULL),
(188, 9882, 1, 4, 2, 1, 'CENTRO SUPERIOR EDUCACION ESPECIAL ARTURO SARCO VILLENA', NULL, NULL),
(189, 9890, 5, 4, 2, 1, 'ESCUELA BASICA JOSE RAFAEL REVENGA', NULL, NULL),
(190, 9892, 4, 4, 2, 1, 'U.E.PRI. MATERNAL MIS TRAVIESAS', NULL, NULL),
(191, 9893, 1, 4, 2, 1, 'UNIDAD EDUCATIVA LIBERTADOR', NULL, NULL),
(192, 9895, 1, 4, 2, 1, 'ESCUELA BASICA LA CANDELARIA', NULL, NULL),
(193, 9900, 1, 4, 2, 1, 'ESCUELA BASICA ESTADO MIRANDA', NULL, NULL),
(194, 10020, 1, 4, 2, 1, 'ESCUELA GRADUADA MARIANO PICON SALAS', NULL, NULL),
(195, 10021, 1, 4, 2, 1, 'UNIDAD EDUCATIVA NACIONAL NUESTRA SEÑORA DE LA CARIDAD DEL COBRE', NULL, NULL),
(196, 9810, 1, 4, 2, 2, 'ESCUELA BASICA ROSA AMELIA FLORES', NULL, NULL),
(197, 9811, 1, 4, 2, 2, 'ESCUELA BASICA JOSEFINA BOLIVAR DE GONZALEZ', NULL, NULL),
(198, 9812, 1, 4, 2, 2, 'CICLO COMBINADO GONZALITO', NULL, NULL),
(199, 9813, 1, 4, 2, 2, 'ESCUELA BASICA ESTADAL CRISTINA BATISTA', NULL, NULL),
(200, 9814, 1, 4, 2, 2, 'ESCUELA PRACTICA DE AGRICULTURA LA PROVIDENCIA INCE', NULL, NULL),
(201, 9830, 1, 4, 2, 2, 'ESCUELA PEDRO VILLACASTIN', NULL, NULL),
(202, 9860, 1, 4, 2, 2, 'ESCUELA BASICA IVON GONZALEZ MARCANO', NULL, NULL),
(203, 9920, 4, 4, 2, 2, 'ESC BAS ABIGAIL LOZANO', NULL, NULL),
(204, 9921, 4, 4, 2, 2, 'MODULO SOLID SAMAN DE GUERE NORTE', NULL, NULL),
(205, 9940, 1, 4, 2, 2, 'ESCUELA BASICA ESTADAL CESAR RODRIGUEZ PALENCIA', NULL, NULL),
(206, 9941, 1, 4, 2, 2, 'CICLO BASICO MARI/O', NULL, NULL),
(207, 9943, 5, 4, 2, 2, 'ESCUELA BASICA PROFESORA ARGELIA LAYA', NULL, NULL),
(208, 9944, 1, 4, 2, 2, 'UNIDAD EDUCATIVA NACIONAL SAMAN DE GUERE.', NULL, NULL),
(209, 9945, 1, 4, 2, 2, 'ESCUELA BASICA ESTADAL ABIGAIL LOZANO', NULL, NULL),
(210, 9946, 1, 4, 2, 2, 'ESCUELA BASICA NACIONAL CREACION SOROCAIMA', NULL, NULL),
(211, 9947, 1, 4, 2, 2, 'ESPACIO ALTERNATIVO NO CONVENCIONALES LA CASONA II', NULL, NULL),
(212, 9948, 1, 4, 2, 2, 'UNIDAD EDUCATIVA ESTADAL ANDRES PACHECO MIRANDA', NULL, NULL),
(213, 9949, 1, 4, 2, 2, 'ATENCIÓN NO CONVENCIONAL NACIONAL SOROCAIMA I.', NULL, NULL),
(214, 9952, 1, 4, 2, 2, 'CENTRO SOCIAL MARACAY SOS', NULL, NULL),
(215, 9911, 1, 4, 2, 3, 'ESCUELA BASICA ROMULO BETANCOURT', NULL, NULL),
(216, 10640, 1, 4, 4, 1, 'ESCUELA BOCA DE ZUATA 435-553', NULL, NULL),
(217, 9942, 1, 4, 2, 3, 'UNIDAD EDUCATIVA ESTADAL LAURA PACHECO MONSERRAT', NULL, NULL),
(218, 10030, 1, 4, 2, 3, 'ESCUELA BASICA FRANCISCO LINARES ALCANTARA', NULL, NULL),
(219, 10031, 1, 4, 2, 3, 'UNIDAD EDUCATIVA DOCTORA PRISILA LOPEZ', NULL, NULL),
(220, 10032, 1, 4, 2, 3, 'PREESCOLAR NACIONAL BOLIVARIANO EL TIERRAL.', NULL, NULL),
(221, 10033, 1, 4, 2, 3, 'PREESCOLAR BOLIVARIANO EL TIERRAL', NULL, NULL),
(222, 9950, 1, 4, 2, 4, 'UNIDAD EDUCATIVA ESTADAL JOSE CASANOVA GODOY', NULL, NULL),
(223, 9951, 1, 4, 2, 4, 'ESCUELA BASICA CONCENTRADA CEPE', NULL, NULL),
(224, 9870, 1, 4, 2, 5, 'ESCUELA GUARAUGUTA', NULL, NULL),
(225, 9871, 1, 4, 2, 5, 'UNIDAD EDUCATIVA ESTADAL BALBINO BLANCO SANCHEZ', NULL, NULL),
(226, 9960, 1, 4, 2, 5, 'ESCUELA ESTADAL UNITARIA Nº 184', NULL, NULL),
(227, 9980, 5, 4, 2, 5, 'ESCUELA BASICA DOCTOR RAFAEL SEIJAS', NULL, NULL),
(228, 9981, 1, 4, 2, 5, 'ESCUELA LA MARCELOTA', NULL, NULL),
(229, 9982, 1, 4, 2, 5, 'UNIDAD EDUCATIVA ESTADAL RAFAEL TAYLHADAT', NULL, NULL),
(230, 9990, 1, 4, 2, 5, 'UNIDAD EDUCATIVA ESTADAL CONCENTRADA EL PEDREGAL', NULL, NULL),
(231, 10000, 1, 4, 2, 5, 'UNIDAD EDUCATIVA ESTADAL ROSELIANO BLANCO SANCHEZ', NULL, NULL),
(232, 10010, 1, 4, 2, 5, 'ESCUELA BASICA SANTIAGO MARI O', NULL, NULL),
(233, 10011, 1, 4, 2, 5, 'ESCUELA BASICA ESTADAL CONCENTRADA ROSA BARRETO', NULL, NULL),
(234, 10012, 1, 4, 2, 5, 'UNIDAD EDUCATIVA RURAL FELIX MANUEL LUCES', NULL, NULL),
(235, 10013, 1, 4, 2, 5, 'LICEO BOLIVARIANO ROSARIO DE PAYA.', NULL, NULL),
(236, 10014, 1, 4, 2, 5, 'INSTITUTO ESCUELA ESPECIALROSARIO DE PAYA', NULL, NULL),
(237, 10015, 1, 4, 2, 5, 'ESCUELA BASICA NACIONAL PEDRO AREVALO APONTE', NULL, NULL),
(238, 10016, 1, 4, 2, 5, 'UNIDAD EDUCATIVA ESTADAL RURAL ALFONZO RIVAS', NULL, NULL),
(239, 10017, 1, 4, 2, 5, 'UNIDAD EDUCATIVA ESTADAL RURAL CONCENTRADA LAS MERCEDES DE PAYA', NULL, NULL),
(240, 10110, 1, 4, 3, 1, 'UNIDAD EDUCATIVA ESTADAL 23 DE ENERO', NULL, NULL),
(241, 10111, 1, 4, 3, 1, 'UNIDAD EDUCATIVA COLEGIO MARIA DE LA PAZ', NULL, NULL),
(242, 10112, 1, 4, 3, 1, 'UNIDAD EDUCATIVA PRIVADA COLEGIO FRANCISCO MIGUEL JAIME OCHOA', NULL, NULL),
(243, 10130, 1, 4, 3, 1, 'ESCUELA BASICA SERGIO MEDINA', NULL, NULL),
(244, 10150, 1, 4, 3, 1, 'ESCUELA BASICA ESTADAL JOSE MARIA ALVAREZ JARAMILLO', NULL, NULL),
(245, 10160, 1, 4, 3, 1, 'CICLO DIVERSIFICADO JOSE FELIX RIVAS', NULL, NULL),
(246, 10161, 1, 4, 3, 1, 'ESCUELA BASICA BRITO', NULL, NULL),
(247, 10162, 4, 4, 3, 1, 'IPOSTEL', NULL, NULL),
(248, 10163, 4, 4, 3, 1, 'CICLO DIVERSIFICADO JOSE FELIX RIVAS', NULL, NULL),
(249, 10170, 1, 4, 3, 1, 'ESCUELA TECNICA INDUSTRIAL', NULL, NULL),
(250, 10172, 1, 4, 3, 1, 'UNIDAD EDUCATIVA NACIONAL 12 DE FEBRERO', NULL, NULL),
(251, 10190, 1, 4, 3, 1, 'UNIDAD EDUCATIVA NACIONAL RUBEN DARIO', NULL, NULL),
(252, 10210, 1, 4, 3, 1, 'ESCUELA BASICA NACIONAL CECILIO ACOSTA', NULL, NULL),
(253, 10212, 1, 4, 3, 1, 'COLEGIO MADRE EMILIA', NULL, NULL),
(254, 10220, 1, 4, 3, 1, 'ESCUELA BASICA ESTADAL AMERICA FERNANDEZ DE LEONI', NULL, NULL),
(255, 10260, 1, 4, 3, 1, 'ESCUELA BASICA NACIONAL LA QUEBRADA', NULL, NULL),
(256, 10270, 1, 4, 3, 1, 'UNIDAD EDUCATIVA ESTADAL RURAL PIE DE CERRO', NULL, NULL),
(257, 10271, 1, 4, 3, 1, 'ESCUELA BASICA ESTADAL RUDENCINDO CANELON', NULL, NULL),
(258, 10272, 1, 4, 3, 1, 'UNIDAD EDUCATIVA NACIONAL FRANCISCO JAVIER USTARIZ', NULL, NULL),
(259, 10273, 1, 4, 3, 1, 'BIBLIOTECA VIRTUAL DE LA VICTORIA', NULL, NULL),
(260, 10274, 1, 4, 3, 1, 'CENTRO LA CASONA', NULL, NULL),
(261, 10250, 1, 4, 3, 2, 'LICEO BOLIVARIANO ZUATA', NULL, NULL),
(262, 10251, 1, 4, 3, 2, 'UNIDAD EDUCATIVA NACIONAL ZUATA NUEVA SEDE', NULL, NULL),
(263, 10290, 1, 4, 3, 2, 'UNIDAD EDUCATIVA ESTADAL NEGRA MATEA', NULL, NULL),
(264, 10291, 4, 4, 3, 2, 'HOGAR MONSEÑOR LOPEZ AVELEDO', NULL, NULL),
(265, 10292, 1, 4, 3, 2, 'UNIDAD EDUCATIVA NACIONAL SIMON BOLIVAR', NULL, NULL),
(266, 10293, 1, 4, 3, 2, 'UNIDAD EDUCATIVA ESTADAL PRIMITIVO DE JESUS', NULL, NULL),
(267, 10294, 1, 4, 3, 2, 'UNIDAD EDUCATIVA ESTADAL RURAL CONCENTRADA SAN JOSE', NULL, NULL),
(268, 10295, 1, 4, 3, 2, 'UNIDAD EDUCATIVA PRIVADA NUESTRA SEÑORA DEL ROSARIO', NULL, NULL),
(269, 10296, 1, 4, 3, 2, 'PREESCOLAR BOLIVARIANO BELLO MONTE II', NULL, NULL),
(270, 10297, 1, 4, 3, 2, 'UNIDAD EDUCATIVA NACIONAL CREACION JOBALITO', NULL, NULL),
(271, 10298, 1, 4, 3, 2, 'PREESCOLAR BOLIVARIANO 12 DE FEBRERO', NULL, NULL),
(272, 10299, 4, 4, 3, 2, 'TALLER DE EDUCACION LABORAL NACIONAL JOSE FELIX RIBAS', NULL, NULL),
(273, 10305, 1, 4, 3, 2, 'UNIDAD EDUCATIVA ESTADAL CONCENTRADA PUNTA DEL MONTE', NULL, NULL),
(274, 10306, 1, 4, 3, 2, 'CASA HOGAR MONSEÑOR LOPEZ AVELEDO', NULL, NULL),
(275, 10240, 1, 4, 3, 3, 'UNIDAD EDUCATIVA ESTADAL RURAL CRUZ GUEVARA', NULL, NULL),
(276, 10082, 1, 4, 3, 4, 'ESCUELA BASICA LUIS AUGUSTO MACHADO', NULL, NULL),
(277, 10085, 1, 4, 3, 4, 'SERVICIO AUTONOMO CENTRO EUROVENEZOLANO DE DESARROLLO EMPRESARIAL', NULL, NULL),
(278, 10100, 1, 4, 3, 4, 'UNIDAD EDUCATIVA NACIONAL LA VICTORIA', NULL, NULL),
(279, 10101, 1, 4, 3, 4, 'CENTRO CAPACITACION ADULTOS ESTADAL CARMEN PILAR FERNANDEZ', NULL, NULL),
(280, 10102, 5, 4, 3, 4, 'COLEGIO MARIANO MONTILLA', NULL, NULL),
(281, 10103, 1, 4, 3, 4, 'UNIDAD EDUCATIVA NACIONAL RAMON GARCIA DE SENA', NULL, NULL),
(282, 10361, 1, 4, 3, 4, 'ESCUELA BASICA NACIONAL LA MORA (A.I)', NULL, NULL),
(283, 10362, 1, 4, 3, 4, 'ESCUELA BASICA NACIONAL MARIA LUISA ANTONINI DE PAREDES', NULL, NULL),
(284, 10363, 1, 4, 3, 4, 'ESCUELA BASICA ELBA GONZALEZ DE GIL', NULL, NULL),
(285, 10364, 1, 4, 3, 4, 'UNIDAD EDUCATIVA NACIONAL VICENTE EMILIO SOJO', NULL, NULL),
(286, 10365, 1, 4, 3, 4, 'UNIDAD EDUCATIVA NACIONAL MIGUEL ALVAREZ', NULL, NULL),
(287, 10280, 1, 4, 3, 5, 'ESCUELA GRADUADA RICARDO MONTILLA', NULL, NULL),
(288, 10281, 1, 4, 3, 5, 'CENTRO MOVIL ESTADIUM DEL POBLADO LAS GUACAMAYAS.', NULL, NULL),
(289, 10282, 1, 4, 3, 5, 'CASA DE INTEGRACION ESCUELITA VIEJA', NULL, NULL),
(290, 10570, 1, 4, 4, 1, 'GRUPO ESCOLAR FRANCISCO ISNARDY', NULL, NULL),
(291, 10571, 1, 4, 4, 1, 'ESCUELA BASICA ESTADAL AUGUSTA CARABALLO DE BLANCO', NULL, NULL),
(292, 10572, 1, 4, 4, 1, 'UNIDAD EDUCATIVA ESTADAL EL MAMON', NULL, NULL),
(293, 10580, 1, 4, 4, 1, 'UNIDAD EDUCATIVA LAS COCUIZAS', NULL, NULL),
(294, 10590, 1, 4, 4, 1, 'CICLO BASICO SAN CASIMIRO', NULL, NULL),
(295, 10591, 1, 4, 4, 1, 'ESCUELA BASICA ANDRES BELLO', NULL, NULL),
(296, 10600, 1, 4, 4, 1, 'UNIDAD EDUCATIVA ESTADAL SANTA ANA', NULL, NULL),
(297, 10610, 1, 4, 4, 1, 'ESCUELA EL LORO', NULL, NULL),
(298, 10641, 1, 4, 4, 1, 'ESCUELA COMPLETA Nº 476-253', NULL, NULL),
(299, 10650, 1, 4, 4, 1, 'UNIDAD EDUCATIVA ESTADAL RURAL COGOLLAL', NULL, NULL),
(300, 10670, 1, 4, 4, 1, 'ESCUELA ESTADAL UNITARIA Nº 137-528', NULL, NULL),
(301, 10671, 1, 4, 4, 1, 'INSTITUTO DE EDUCACION ESPECIAL', NULL, NULL),
(302, 10672, 1, 4, 4, 1, 'UNIDAD ESTADAL GOLFO TRISTE', NULL, NULL),
(303, 10700, 1, 4, 4, 2, 'ESCUELA BASICA VALLE MORIN', NULL, NULL),
(304, 10701, 1, 4, 4, 2, 'ESCUELA BASICA NACIONAL BELEN MARTINEZ', NULL, NULL),
(305, 10630, 1, 4, 4, 3, 'ESCUELA NACIONAL CONCENTRADA Nº 227-3020', NULL, NULL),
(306, 10631, 1, 4, 4, 3, 'UNIDAD EDUCATIVA RURAL CARUTICO', NULL, NULL),
(307, 10632, 1, 4, 4, 3, 'ESCUELA BASICA ESTADAL GUAMBRA', NULL, NULL),
(308, 10710, 1, 4, 4, 4, 'ESCUELA CONCENTRADA Nº 88-383-387-467-537', NULL, NULL),
(309, 11090, 1, 4, 4, 4, 'ESCUELA UNITARIA Nº 109', NULL, NULL),
(310, 11091, 1, 4, 4, 4, 'ESCUELA BASICA ESTADAL CONCENTRADA LOS MANIRE', NULL, NULL),
(311, 10730, 1, 4, 5, 1, 'ESCUELA BASICA PEDRO ALDAO', NULL, NULL),
(312, 10731, 1, 4, 5, 1, 'UNIDAD EDUCATIVA NACIONAL WENCESLAO CASADO FONSECA', NULL, NULL),
(313, 10750, 1, 4, 5, 1, 'CICLO BASICO ELICEO ACOSTA', NULL, NULL),
(314, 10753, 1, 4, 5, 1, 'MODULO DE SERV CUATRICENTENARIO', NULL, NULL),
(315, 10761, 4, 4, 5, 1, 'COLEGIO NTRA SRA DE LA CARIDAD', NULL, NULL),
(316, 10770, 1, 4, 5, 1, 'ESCUELA ESTADAL UNITARIA Nº 256', NULL, NULL),
(317, 10780, 1, 4, 5, 1, 'ESCUELA UNITARIA Nº 95', NULL, NULL),
(318, 10790, 1, 4, 5, 1, 'ESCUELA ESTADAL Nº 509', NULL, NULL),
(319, 10810, 1, 4, 5, 1, 'ESCUELA ESPECIAL GUARATE', NULL, NULL),
(320, 10840, 1, 4, 5, 1, 'ESCUELA CONCENTRADA LA GUAMA', NULL, NULL),
(321, 10841, 1, 4, 5, 1, 'CENTRO DE EDUCACION INICIAL PEDRO ALDAO', NULL, NULL),
(322, 10842, 1, 4, 5, 1, 'CASA DE LOS NIÑOS MADRE MARIA DE SAN JOSE', NULL, NULL),
(323, 10843, 1, 4, 5, 1, 'ESCUELA BASICA ESTADAL ANDRES RODRIGUEZ RAMIREZ', NULL, NULL),
(324, 10844, 1, 4, 5, 1, 'UNIDAD EDUCATIVA NACIONAL BRISAS DE MOSOCO', NULL, NULL),
(325, 10850, 1, 4, 6, 1, 'ESCUELA BASICA TAGUANES', NULL, NULL),
(326, 10851, 1, 4, 6, 1, 'ESCUELA BASICA MANUELITA SAENZ', NULL, NULL),
(327, 10852, 1, 4, 6, 1, 'UNIDAD EDUCATIVA COLEGIO ARAGUA ESTUDIANTIL', NULL, NULL),
(328, 10853, 1, 4, 6, 1, 'UNIDAD EDUCATIVA JOSE HELIMENAS BARRIOS', NULL, NULL),
(329, 10854, 1, 4, 6, 1, 'UNIDAD EDUCATIVA JOSE HELIMENAS BARRIOS', NULL, NULL),
(330, 10855, 1, 4, 6, 1, 'ESCUELA BASICA NACIONAL FELIPE LARRAZABAL', NULL, NULL),
(331, 10860, 1, 4, 6, 1, 'CICLO DIVERSIFICADO MARIANO FERNANDEZ FORTIQUE', NULL, NULL),
(332, 10861, 1, 4, 6, 1, 'CICLO DIVERSIFICADO RAFAEL HERNANDEZ LEON', NULL, NULL),
(333, 10862, 4, 4, 6, 1, 'MERCAL TAMBORITO', NULL, NULL),
(334, 10863, 4, 4, 6, 1, 'MODULO DE SERVICIO CAMPO ALEGRE', NULL, NULL),
(335, 10864, 4, 4, 6, 1, 'E. B. TAGUANES', NULL, NULL),
(336, 10866, 1, 4, 6, 1, 'UNIDAD EDUCATIVA SANTISIMO SALVADOR', NULL, NULL),
(337, 9771, 4, 4, 10, 1, 'E.E.N. BOLIVARIANO RAFAEL B ORTEGA', NULL, NULL),
(338, 10867, 1, 4, 6, 1, 'ESCUELA BASICA LUCIO ANTONIO FIGUERA', NULL, NULL),
(339, 10880, 1, 4, 6, 1, 'ESCUELA BASICA MEREGOTO', NULL, NULL),
(340, 10890, 1, 4, 6, 1, 'ESCUELA BASICA ANDRES BELLO', NULL, NULL),
(341, 10901, 1, 4, 6, 1, 'ESCUELA BASICA ALIDA PEREZ MATOS', NULL, NULL),
(342, 10902, 1, 4, 6, 1, 'UNIDAD EDUCATIVA PRIVADA CECILIO ACOSTA', NULL, NULL),
(343, 10910, 1, 4, 6, 1, 'ESCUELA BASICA LUIS ALEJANDRO ALVARADO', NULL, NULL),
(344, 10920, 1, 4, 6, 1, 'ESCUELA BASICA CESAR ZUMETA', NULL, NULL),
(345, 10930, 4, 4, 6, 1, 'ANTIGUO LOCAL ESC BAS F-L', NULL, NULL),
(346, 10931, 1, 4, 6, 1, 'INSTITUTO TECNOLÓGICO PASCAL', NULL, NULL),
(347, 10942, 1, 4, 6, 1, 'COLEGIO EL CARMELO', NULL, NULL),
(348, 10961, 1, 4, 6, 1, 'ESCUELA BASICA AMELIA MIRANDA', NULL, NULL),
(349, 10962, 1, 4, 6, 1, 'UNIDAD EDUCATIVA NACIONAL SOTERO ARTEAGA MIGUELENA', NULL, NULL),
(350, 10963, 1, 4, 6, 1, 'UNIDAD EDUCATIVA ESTADAL PADRE FRANCISCO AMIGO', NULL, NULL),
(351, 10964, 1, 4, 6, 1, 'UNIDAD EDUCATIVA NACIONAL RAFAEL BOLIVAR', NULL, NULL),
(352, 10965, 1, 4, 6, 1, 'UNIDAD EDUCATIVA AMPARO MONROY POWER', NULL, NULL),
(353, 10966, 1, 4, 6, 1, 'UNIDAD EDUCATIVA NACIONAL SUCRE', NULL, NULL),
(354, 10967, 1, 4, 6, 1, 'UNIDAD EDUCATIVA NACIONAL MANUEL MANZO GORESTEGUI', NULL, NULL),
(355, 10968, 1, 4, 6, 1, 'PREESCOLAR NACIONAL BOLIVARIANO ANTONIO JOSE DE SUCRE', NULL, NULL),
(356, 10969, 1, 4, 6, 1, 'PREESCOLAR LUIS ALEJANDRO ALVARADO', NULL, NULL),
(357, 10971, 1, 4, 6, 1, 'CENTRO MOVIL CANCHA RAFAEL URDANETA', NULL, NULL),
(358, 10950, 1, 4, 6, 2, 'ESCUELA BASICA CIRO MALDONADO ZERPA', NULL, NULL),
(359, 10951, 1, 4, 6, 2, 'UNIDAD EDUCATIVA NACIONAL CREACION BELLA VISTA', NULL, NULL),
(360, 10952, 4, 4, 6, 2, 'U.E CREACION BELLA VISTA', NULL, NULL),
(361, 10953, 1, 4, 6, 2, 'PREESCOLAR NACIONAL BOLIVARIANO BELLA VISTA II', NULL, NULL),
(362, 10954, 1, 4, 6, 2, 'NUESTRA SENORA DEL VALLE', NULL, NULL),
(363, 10955, 4, 4, 6, 2, 'CENTRO DE EDUCACION INICIAL TUCUSITO', NULL, NULL),
(364, 11000, 1, 4, 7, 1, 'UNIDAD EDUCATIVA FRANCISCO SALDIVIA LANDAETA', NULL, NULL),
(365, 11001, 1, 4, 7, 1, 'ESCUELA BASICA ESTADAL CECILIO ACOSTA', NULL, NULL),
(366, 11010, 1, 4, 7, 1, 'ESCUELA BASICA RAFAEL BOLIVAR CORONADO', NULL, NULL),
(367, 11020, 1, 4, 7, 1, 'ESCUELA UNITARIA SAMANITO', NULL, NULL),
(368, 11030, 1, 4, 7, 1, 'ESCUELA UNITARIA Nº 403', NULL, NULL),
(369, 11040, 1, 4, 7, 1, 'ESCUELA BASICA ESTADAL UNITARIA EL COROZO', NULL, NULL),
(370, 11050, 1, 4, 7, 1, 'ESCUELA BASICA MIGUEL ZAMORA BOLIVAR', NULL, NULL),
(371, 11115, 1, 4, 7, 1, 'PREESCOLAR NACIONAL BOLIVARIANO BARBACOAS', NULL, NULL),
(372, 11116, 1, 4, 7, 1, 'ESCUELA BASICA ESTADAL JOSE RAFAEL CARBALLO', NULL, NULL),
(373, 11100, 1, 4, 7, 2, 'UNIDAD EDUCATIVA NACIONAL SAN FRANCISCO DE CARA', NULL, NULL),
(374, 11101, 1, 4, 7, 2, 'ESCUELA ESTADAL GUANAYEN', NULL, NULL),
(375, 11110, 1, 4, 7, 3, 'ESCUELA BASICA MAESTRO LUIS JOSE BRAVO', NULL, NULL),
(376, 11111, 1, 4, 7, 3, 'ESCUELA BASICA ESTADAL DOS MONTES', NULL, NULL),
(377, 11120, 4, 4, 7, 3, 'MEDICATURA RURAL TAGUAY', NULL, NULL),
(378, 11140, 1, 4, 7, 3, 'ESCUELA BASICA ESTADAL CONCENTRADA LA SUAREÑA', NULL, NULL),
(379, 11141, 1, 4, 7, 3, 'UNIDAD EDUCATIVA ESTADAL NARE', NULL, NULL),
(380, 11060, 1, 4, 7, 4, 'ESCUELA BASICA ESTADAL CONCENTRADA EL MEDANO', NULL, NULL),
(381, 11130, 1, 4, 7, 4, 'UNIDAD EDUCATIVA ESTADAL JUAN RAMOS', NULL, NULL),
(382, 11150, 1, 4, 7, 4, 'UNIDAD EDUCATIVA ESTADAL CONCENTRADA PAN DE AZUCAR', NULL, NULL),
(383, 11151, 4, 4, 7, 4, 'ESCUELA BASICA ESTADAL EL TOTUMO', NULL, NULL),
(384, 11200, 1, 4, 8, 1, 'ESCUELA BASICA TERESA CARRE/O', NULL, NULL),
(385, 11201, 1, 4, 8, 1, 'ESCUELA PROVISIONAL PARROQUIAL SAN LUIS DE CURA', NULL, NULL),
(386, 11202, 1, 4, 8, 1, 'UNIDAD EDUCATIVA ESTADAL SIMON RODRIGUEZ', NULL, NULL),
(387, 11203, 1, 4, 8, 1, 'ESCUELA BASICA MANUEL MORALES CARABAÑO', NULL, NULL),
(388, 11204, 1, 4, 8, 1, 'JARDIN DE INFANCIA ARISTIDES ROJAS', NULL, NULL),
(389, 11210, 1, 4, 8, 1, 'ESCUELA BASICA ARISTIDES ROJAS', NULL, NULL),
(390, 11230, 1, 4, 8, 1, 'ESCUELA BASICA MELICIA NIEVES DE TEJADA', NULL, NULL),
(391, 11232, 1, 4, 8, 1, 'UNIDAD EDUCATIVA CARIDAD VILLASANA', NULL, NULL),
(392, 11240, 4, 4, 8, 1, 'ESCUELA BASICA VINICIO ADAMES', NULL, NULL),
(393, 11241, 1, 4, 8, 1, 'INCES CENTRO DE FORMACION SOCIALISTA DE VILLA DE CURA', NULL, NULL),
(394, 11242, 1, 4, 8, 1, 'UNIDAD EDUCATIVA AMANDA FLORES', NULL, NULL),
(395, 11260, 1, 4, 8, 1, 'ESCUELA BASICA INOCENCIO UTRERA', NULL, NULL),
(396, 11270, 1, 4, 8, 1, 'UNIDAD EDUCATIVA NACIONAL ALBERTO SMITH', NULL, NULL),
(397, 11271, 1, 4, 8, 1, 'UNIDAD EDUCATIVA LEONCIO MARTINEZ', NULL, NULL),
(398, 11290, 1, 4, 8, 1, 'GRUPO ESCOLAR LEOPOLDO TOSTA', NULL, NULL),
(399, 11292, 1, 4, 8, 1, 'INSTITUTO EDUCACIONAL ESPECIAL VILLA DE CURA', NULL, NULL),
(400, 11293, 1, 4, 8, 1, 'GRUPO ESCOLAR ESCUELA VICTOR PADILLA', NULL, NULL),
(401, 11294, 1, 4, 8, 1, 'UNIDAD EDUCATIVA ESTADAL DOCTOR JOSE CASANOVA GODOY', NULL, NULL),
(402, 11320, 1, 4, 8, 1, 'ESCUELA BASICA SALOMON MORALES', NULL, NULL),
(403, 11330, 1, 4, 8, 1, 'UNIDAD EDUCATIVA ESTADAL CONCENTRADA PIRITU', NULL, NULL),
(404, 11340, 1, 4, 8, 1, 'UNIDAD EDUCATIVA ESTADAL CONCENTRADA NER 426 EL CHINO', NULL, NULL),
(405, 11360, 1, 4, 8, 1, 'ESCUELA BASICA ESTADAL JULIETA HERNANDEZ PARRA', NULL, NULL),
(406, 11370, 1, 4, 8, 1, 'ESCUELA ESTADAL CONCENTRADA Nº 70 Y 320', NULL, NULL),
(407, 11371, 1, 4, 8, 1, 'CENTRO DE EDUCACION INICIAL BOLIVARIANO FRANCISCO DE MIRANDA', NULL, NULL),
(408, 11372, 1, 4, 8, 1, 'UNIDAD EDUCATIVA ESTADAL JUAN ANTONIO PEREZ BONALDE', NULL, NULL),
(409, 11373, 1, 4, 8, 1, 'CEICO MAESTRO SIMON RODRIGUEZ', NULL, NULL),
(410, 11374, 1, 4, 8, 1, 'UNIDAD EDUCATIVA ESTADAL PRISCO PEREZ MONASTERIOS', NULL, NULL),
(411, 11375, 1, 4, 8, 1, 'PREESCOLAR NACIONAL BOLIVARIANO TERESA CARREÑO.', NULL, NULL),
(412, 11376, 1, 4, 8, 1, 'PREESCOLAR NACIONAL BOLIVARIANO EZEQUIEL ZAMORA', NULL, NULL),
(413, 11377, 1, 4, 8, 1, 'PREESCOLAR NACIONAL CUYAGUA', NULL, NULL),
(414, 11378, 1, 4, 8, 1, 'PREESCOLAR NACIONAL BOLIVARIANO LA REPRESA', NULL, NULL),
(415, 11379, 1, 4, 8, 1, 'UNIDAD EDUCATIVA ESTADAL RURAL CHAGUARAMA', NULL, NULL),
(416, 11380, 1, 4, 8, 1, 'UNIDAD EDUCATIVA ESTADAL VINICIO ADAMES', NULL, NULL),
(417, 11384, 1, 4, 8, 1, 'BIBLIOTECA VIRTUAL', NULL, NULL),
(418, 11385, 1, 4, 8, 1, 'RESIDENCIAS MEDICAS', NULL, NULL),
(419, 11386, 1, 4, 8, 1, 'ESCUELA BASICA ESTADAL RURAL CREACION GAMARA', NULL, NULL),
(420, 11387, 1, 4, 8, 1, 'PREESCOLAR NACIONAL LAS MERCEDES', NULL, NULL),
(421, 11160, 1, 4, 8, 2, 'ESCUELA BASICA NACIONAL PANAQUIRE', NULL, NULL),
(422, 11162, 4, 4, 8, 2, 'TEATRO ESTABLE', NULL, NULL),
(423, 11163, 1, 4, 8, 2, 'ESCUELA BASICAMAGDALENO', NULL, NULL),
(424, 11164, 1, 4, 8, 2, 'CASA DE MISIONES (ANTIGUA SEDE DE U.E.N. LA ESPERANZA)', NULL, NULL),
(425, 11170, 1, 4, 8, 2, 'ESCUELA BASICA GUACAMAYA', NULL, NULL),
(426, 11171, 1, 4, 8, 2, 'CASA DE LOS NIÑOS JUAN DE DIOS AGRAZ', NULL, NULL),
(427, 11172, 1, 4, 8, 2, 'UNIDAD EDUCATIVA PRIVADA FE Y ALEGRIA "EUGENIO MENDOZA GOITICOA"', NULL, NULL),
(428, 11173, 1, 4, 8, 2, 'PREESCOLAR ESTADAL ZORAIDA JOSEFINA CAMPOS', NULL, NULL),
(429, 11174, 1, 4, 8, 2, 'UNIDAD EDUCATIVA NACIONAL LA ESPERANZA(BIBLIOTECA VIRTUAL MAGDALENO)', NULL, NULL),
(430, 11161, 1, 4, 8, 3, 'LICEO AIME BONPLAND', NULL, NULL),
(431, 11180, 1, 4, 8, 3, 'UNIDAD EDUCATIVA NACIONAL TACASURUMA', NULL, NULL),
(432, 11181, 1, 4, 8, 3, 'UNIDAD EDUCATIVA MARIA TERESA GARCIA', NULL, NULL),
(433, 11182, 1, 4, 8, 3, 'UNIDAD EDUACATIVA NACIONAL BOLIVARIANA PEDRO RAFAEL COBOS', NULL, NULL),
(434, 11183, 1, 4, 8, 3, 'UNIDAD EDUCATIVA NACIONAL VIRGEN DE FATIMA', NULL, NULL),
(435, 11184, 1, 4, 8, 3, 'ESCUELA BASICA NACIONAL NUEVA VENEZUELA.', NULL, NULL),
(436, 11185, 1, 4, 8, 3, 'ESCUELA VICENTE VELASQUEZ', NULL, NULL),
(437, 11186, 1, 4, 8, 3, 'UNIDAD EDUCATIVA NACIONAL VIRGEN DEL VALLE', NULL, NULL),
(438, 11310, 1, 4, 8, 4, 'ESCUELA CONCENTRADA SIMONA ACACIO', NULL, NULL),
(439, 11350, 1, 4, 8, 4, 'ESCUELA ESTADAL TEOTISTE DE GALLEGOS', NULL, NULL),
(440, 11351, 1, 4, 8, 4, 'UNIDAD EDUCATIVA ESTADAL RURAL LOS CHORROS', NULL, NULL),
(441, 11190, 1, 4, 8, 5, 'ESCUELA BASICA JUAN BAUTISTA PLAZA', NULL, NULL),
(442, 11381, 1, 4, 8, 5, 'CARCEL PUBLICA TOCORON', NULL, NULL),
(443, 11382, 1, 4, 8, 5, 'UNIDAD EDUCATIVA NACIONAL BOLIVARIANA MARIA LUISA PARISCA', NULL, NULL),
(444, 11383, 1, 4, 8, 5, 'PREESCOLAR NACIONAL CANDIDO ROSENDO PRADO', NULL, NULL),
(445, 11388, 1, 4, 8, 5, 'UNIDAD EDUCATIVA NACIONAL JOSE NUNEZ TENORIO', NULL, NULL),
(446, 9710, 1, 4, 9, 1, 'ESCUELA BASICA ESTADAL EL LIBERTADOR', NULL, NULL),
(447, 9711, 1, 4, 9, 1, 'UNIDAD EDUCATIVA NACIONAL BOLIVARIANA ISIDRO RAMON MORENO', NULL, NULL),
(448, 9730, 1, 4, 9, 1, 'ESCUELA BASICA NAC CACIQUE CHARAIMA', NULL, NULL),
(449, 9731, 1, 4, 9, 1, 'LICEO BOLIVARIANO NACIONAL TRINOCELIS RIOS', NULL, NULL),
(450, 9740, 1, 4, 9, 1, 'ESCUELA BASICA ESTADO GUARICO', NULL, NULL),
(451, 9741, 1, 4, 9, 1, 'UNIDAD EDUCACIONAL INSTITUTO ANDRES BELLO', NULL, NULL),
(452, 9743, 1, 4, 9, 1, 'CTRO DE CAPACITACION CHARAIMA', NULL, NULL),
(453, 9744, 1, 4, 9, 1, 'ESCUELA BASICA ECARLOS GARCIA BARRERA', NULL, NULL),
(454, 9750, 1, 4, 9, 1, 'ESCUELA FUERZAS AEREAS VENEZOLANA N° 1 DE NUESTR SEÑORA LORETO', NULL, NULL),
(455, 9751, 4, 4, 9, 1, 'CENTRO MOVIL CANCHA TECHADA CARLOS AROCHA', NULL, NULL),
(456, 9752, 1, 4, 9, 1, 'LICEO NACIONAL BOLIVARIANO LUIS BELTRAN PRIETO FIGUEROA', NULL, NULL),
(457, 9753, 1, 4, 9, 1, 'UNIDAD EDUCATIVA PRIVADA INSTITUTO PROCERES DE AMERICA', NULL, NULL),
(458, 9754, 1, 4, 9, 1, 'PREESCOLAR NUESTRA SENORA DEL CARMEN', NULL, NULL),
(459, 9755, 1, 4, 9, 1, 'PREESCOLAR NACIONAL BOLIVARIANO CACIQUE CHARAIMA SEDE SAN ANTONIO', NULL, NULL),
(460, 9756, 1, 4, 9, 1, 'CASA DE LOS ABUELOS MUNICIPIO LIBERTADOR', NULL, NULL),
(461, 9713, 1, 4, 9, 2, 'PRESCOLAR ESTADAL JULIA ELVIRA ROMERO DE MOLINA', NULL, NULL),
(462, 9714, 1, 4, 9, 2, 'PREESCOLAR MADRE DE JESUS', NULL, NULL),
(463, 9715, 4, 4, 9, 2, 'UNIDAD EDUCATIVA PRIVADA LOS PRECURSORES', NULL, NULL),
(464, 9716, 1, 4, 9, 2, 'ESCUELA BASICA ESTADAL MARIA CAROLINA OLMO DE SULBARAN', NULL, NULL),
(465, 9717, 1, 4, 9, 2, 'UNIDAD EDUCATIVA ESTADAL FLORINDA GALINDEZ DE ESCORCHE', NULL, NULL),
(466, 9720, 5, 4, 9, 2, 'ESCUELA BASICA SAN ISIDRO LABRADOR', NULL, NULL),
(467, 9721, 1, 4, 9, 2, 'ESCUELA BASICA LA OVALLERA', NULL, NULL),
(468, 9723, 1, 4, 9, 2, 'ESCUELA BASICA J M SISO MARTINEZ (PRIVADA)', NULL, NULL),
(469, 9729, 4, 4, 9, 2, 'NUCLEO DE APOYO CULT. LA PICA', NULL, NULL),
(470, 9732, 4, 4, 9, 2, 'E B SAN ISIDRO LABRADOR', NULL, NULL),
(471, 9770, 1, 4, 9, 2, 'ESCUELA BASICA JOSE ANGEL LAMAS', NULL, NULL),
(472, 9775, 1, 4, 9, 2, 'ESCUELA BASICA ESTADAL ANDRES ELOY LEON MORATINOS', NULL, NULL),
(473, 9776, 1, 4, 9, 2, 'UNIDAD EDUCATIVA NACIONAL REPUBLICA DE COLOMBIA', NULL, NULL),
(474, 9777, 1, 4, 9, 2, 'LICEO NACIONAL BOLIVARIANO BASE AEREA EL LIBERTADOR', NULL, NULL),
(475, 9780, 1, 4, 9, 2, 'UNIDAD EDUCATIVA ESTADAL MADRE TERESA DE CALCUTA', NULL, NULL),
(476, 9781, 1, 4, 9, 2, 'CENTRO COMUNITARIO CIELO ABIERTO LA PICA', NULL, NULL),
(477, 9782, 1, 4, 9, 2, 'UNIDAD EDUCATIVA PRIVADA ARTURO USLAR PIETRI', NULL, NULL),
(478, 9783, 1, 4, 9, 2, 'UNIDAD EDUCATIVA NACIONAL SIMON RODRIGUEZ', NULL, NULL),
(479, 9784, 1, 4, 9, 2, 'PREESCOLAR NACIONAL LOS HORNOS', NULL, NULL),
(480, 9785, 1, 4, 9, 2, 'UNIDA EDUCATIVA PRIVADA MENCA DE LEONI', NULL, NULL),
(481, 9786, 1, 4, 9, 2, 'ESCUELA BASICA NACIONAL BASE AEREA LIBERTADOR', NULL, NULL),
(482, 9787, 1, 4, 9, 2, 'UNIDAD EDUCATIVA NACIONAL SIMON BOLIVAR', NULL, NULL),
(483, 9788, 1, 4, 9, 2, 'UNIDAD EDUCATIVA ADULTOS BAEL', NULL, NULL),
(484, 9773, 1, 4, 10, 1, 'CASA DE LA CULTURA CLAUDIO CASTILLO', NULL, NULL),
(485, 9774, 1, 4, 10, 1, 'ESCUELA BASICA NACIONAL BOLIVARIANA SANTA CRUZ', NULL, NULL),
(486, 10970, 1, 4, 10, 1, 'ESCUELA BASICA RAFAEL BRICEO ORTEGA', NULL, NULL),
(487, 10980, 1, 4, 10, 1, 'ESCUELA BASICA DOCTOR PATROCINIO P RUIZ', NULL, NULL),
(488, 10982, 2, 4, 10, 1, 'CASA VECINO URB. ARBOLEDA', NULL, NULL),
(489, 10988, 1, 4, 10, 1, 'UNIDAD EDUCATIVA NACIONAL RESIDENCIAS SANTA CRUZ', NULL, NULL),
(490, 10990, 1, 4, 10, 1, 'ESCUELA BASICA ANDRES ELOY BLANCO', NULL, NULL),
(491, 10991, 1, 4, 10, 1, 'ESCUELA BASICA SANTOS ANIBAL DOMINICE', NULL, NULL),
(492, 10992, 2, 4, 10, 1, 'ASO VECINOS.LA FRONTERA', NULL, NULL),
(493, 10993, 4, 4, 10, 1, 'CASA HOGAR CUIDADOS DIARIOS', NULL, NULL),
(494, 10994, 4, 4, 10, 1, 'UNIDAD EDUCATIVA PRIVADA VIRGEN DE MONSERRAT', NULL, NULL),
(495, 10995, 1, 4, 10, 1, 'UNIDAD EDUCATIVA NACIONAL CARLOS RAMON APONTE', NULL, NULL),
(496, 10996, 4, 4, 10, 1, 'OFICINA DEL ESTADIUM A-E-B', NULL, NULL),
(497, 10997, 1, 4, 10, 1, 'UNIDAD EDUCATIVA NACIONAL LA CANDELARIA', NULL, NULL),
(498, 10998, 1, 4, 10, 1, 'CENTRO DE EDUCACION INICIAL JOSE ANGEL LAMAS', NULL, NULL),
(499, 10999, 1, 4, 10, 1, 'PREESCOLAR LOS MANGOS', NULL, NULL),
(500, 11002, 1, 4, 10, 1, 'DON FRANCISCO CASTILLO', NULL, NULL),
(501, 11003, 1, 4, 10, 1, 'CENTRO DE PARALISIS CEREBRAL JOSE ANGEL LAMAS', NULL, NULL),
(502, 10390, 1, 4, 11, 1, 'ESCUELA BASICA FELIX MARIA PAREDES', NULL, NULL),
(503, 10391, 1, 4, 11, 1, 'UNIDAD EDUCATIVA ESTADAL DON ROMULO GALLEGOS', NULL, NULL),
(504, 10392, 1, 4, 11, 1, 'UNIDAD EDUCATIVA ALBERTO CARNEVALLI', NULL, NULL),
(505, 10393, 1, 4, 11, 1, 'COLEGIO PRIVADO LAZO MARTI', NULL, NULL),
(506, 10400, 1, 4, 11, 1, 'ESCUELA BASICA NACIONAL PRESIDENTE MEDINA ANGARITA', NULL, NULL),
(507, 10401, 1, 4, 11, 1, 'COLEGIO NTRA SE/ORA DE BELEN', NULL, NULL),
(508, 10410, 1, 4, 11, 1, 'UNIDAD EDUCATIVA ESTADAL EZEQUIEL ZAMORA', NULL, NULL),
(509, 10420, 1, 4, 11, 1, 'ESCUELA BASICA NACIONAL 25 DE MARZO', NULL, NULL),
(510, 10430, 1, 4, 11, 1, 'ESCUELA BASICA SAN MATEO', NULL, NULL),
(511, 10440, 1, 4, 11, 1, 'ESCUELA BASICA NAC RICAURTE', NULL, NULL),
(512, 10441, 1, 4, 11, 1, 'ESCUELA ESTADAL UNITARIA Nº 753', NULL, NULL),
(513, 10490, 1, 4, 11, 1, 'ESCUELA BASICA CARMELINA BEJARANO', NULL, NULL),
(514, 10500, 4, 4, 11, 1, 'ESCUELA BASICA LA CURIA', NULL, NULL),
(515, 10501, 1, 4, 11, 1, 'UNIDAD EDUCATIVA NACIONAL DANIEL MENDOZA', NULL, NULL),
(516, 10502, 1, 4, 11, 1, 'PROYECTO INICIAL BOLIVARIANO.AÑO BICENTENARIO II.', NULL, NULL),
(517, 10503, 1, 4, 11, 1, 'UNIDAD EDUCATIVA PRIVADA LA SAGRADA FAMILIA', NULL, NULL),
(518, 10504, 1, 4, 11, 1, 'CENTRO DE CAPACITACION DE ADULTO ESCUELA DE ARTE Y OFICIO', NULL, NULL),
(519, 10506, 1, 4, 11, 1, 'PRE ESSCOLAR MARIA ALVARADO', NULL, NULL),
(520, 10507, 1, 4, 11, 1, 'SIMONCITO COMUNITARIO SAN MATEO', NULL, NULL),
(521, 10508, 1, 4, 11, 1, 'MODULO DE SERVICIO ILIAN AGUILAR', NULL, NULL),
(522, 10300, 1, 4, 12, 1, 'ESCUELA BASICA JACOB PEREZ CARBALLO', NULL, NULL),
(523, 10301, 1, 4, 12, 1, 'UNIDAD EDUCATIVA SERGIO MEDINA', NULL, NULL),
(524, 10302, 1, 4, 12, 1, 'UNIDAD EDUCATIVA ESTADAL NUESTRA SEÑORA DE BELEN', NULL, NULL),
(525, 10303, 1, 4, 12, 1, 'ESCUELA BASICA MADRE MARIA DE SAN JOSE', NULL, NULL),
(526, 10304, 1, 4, 12, 1, 'ESCUELA BASICA ESTADAL TINAPUEY', NULL, NULL),
(527, 10310, 1, 4, 12, 1, 'ESCUELA BASICA ENCARNACION DE NIEVES', NULL, NULL),
(528, 10320, 1, 4, 12, 1, 'ESCUELA GRADUADA JULIO PAEZ', NULL, NULL),
(529, 10330, 1, 4, 12, 1, 'UNIDAD EDUCATIVA ESCOLAR CONCENTRADA EL JABILLAR NER 004-B', NULL, NULL),
(530, 10340, 1, 4, 12, 1, 'UNIDAD EDUCATIVA ESTADAL RAMON GARCIA DE SENA', NULL, NULL),
(531, 10341, 1, 4, 12, 1, 'FUNDACION PARA EL DESARROLLO DE LAS ARTES Y LA CULTURA', NULL, NULL),
(532, 10342, 1, 4, 12, 1, 'UNIDAD EDUCATIVA CONCRENTRADA RURAL ARAIZA', NULL, NULL),
(533, 10343, 1, 4, 12, 1, 'ESCUELA BASICA NACIONAL LEONARDO RUIZ PINEDA', NULL, NULL),
(534, 10230, 1, 4, 12, 2, 'ESCUELA BASICA ESTADAL TIARA', NULL, NULL),
(535, 10241, 1, 4, 12, 2, 'UNIDAD EDUCATIVA ESTADAL CONCENTRADA LAS DOLORES DE ARAGUA', NULL, NULL),
(536, 10350, 1, 4, 12, 2, 'UNIDAD EDUCATIVA ESTADAL CONCENTRADA LA ESPERANZA', NULL, NULL),
(537, 10351, 1, 4, 12, 2, 'UNIDAD EDUCATIVA ESTADAL RURAL CAGUA DE LAS MERCEDES', NULL, NULL),
(538, 9540, 2, 4, 13, 1, 'ESC.BAS.HILARIO CABRERA DIAZ', NULL, NULL),
(539, 9541, 1, 4, 13, 1, 'COLEGIO CRISTO REY', NULL, NULL),
(540, 9542, 4, 4, 13, 1, 'UNIDAD EDUCATIVA MARIO BRICEÑO IRAGORRY', NULL, NULL),
(541, 9550, 1, 4, 13, 1, 'UNIDAD EDUCATIVA NACIONAL JULIO MORALES LARA', NULL, NULL),
(542, 9552, 4, 4, 13, 1, 'SEDE PASTORES DE NIÑO JESUS', NULL, NULL),
(543, 9553, 4, 4, 13, 1, 'PRE ESCOLAR FUNDACION DEL NIO', NULL, NULL),
(544, 9554, 1, 4, 13, 1, 'ESCUELA BASICA NACIONAL 6 DE SEPTIEMBRE', NULL, NULL),
(545, 9555, 1, 4, 13, 1, 'CASA DEL PODER POPULAR EL PASEO', NULL, NULL),
(546, 9560, 1, 4, 13, 1, 'UNIDAD EDUCATIVA NACIONAL EL LIMON', NULL, NULL),
(547, 9562, 4, 4, 13, 1, 'PARAISO DEL NIÑO', NULL, NULL),
(548, 9570, 1, 4, 13, 1, 'ESCUELA BASICA EL PROGRESO', NULL, NULL),
(549, 9571, 1, 4, 13, 1, 'COLEGIO DECROLY', NULL, NULL),
(550, 9590, 1, 4, 13, 1, 'U.E.E HIPOLITO BONILLA', NULL, NULL),
(551, 9600, 1, 4, 13, 1, 'UNIDA EDUCATIVA ESTADAL DOCTOR JOSE FRANCISCO TORREALBA', NULL, NULL),
(552, 9330, 1, 4, 13, 2, 'ESCUELA BASICA JOSE FELIX RIBAS', NULL, NULL),
(553, 9331, 1, 4, 13, 2, 'UNIDAD EDUCATIVA COLEGIO LOS ANGELES', NULL, NULL),
(554, 9332, 1, 4, 13, 2, 'TALLER DE EDUCACION LABORAL MARACAY', NULL, NULL),
(555, 9333, 4, 4, 13, 2, 'CTRO DE ESPEC. PINTO SALINAS', NULL, NULL),
(556, 9334, 1, 4, 13, 2, 'JARDIN DE INFANCIA INAVI', NULL, NULL),
(557, 9335, 1, 4, 13, 2, 'CICLO DIVERSIFICADO OSWALDO TORRES VIÑA', NULL, NULL),
(558, 9336, 4, 4, 13, 2, 'UNIDAD EDUCATIVA PRIVADA CARLOS MANUEL OSTOS POLEO', NULL, NULL),
(559, 9601, 1, 4, 13, 2, 'UNIDAD EDUCATIVA NACIONAL BOLIVARIANA CANA DE AZUCAR', NULL, NULL),
(560, 9602, 1, 4, 13, 2, 'PREESCOLAR ROMULO GALLEGOS', NULL, NULL),
(561, 9604, 1, 4, 13, 2, 'ESCUELA BASICA PADRE ANTONIO LEYH', NULL, NULL),
(562, 9609, 1, 4, 13, 2, 'PREESCOLAR EXPERIMENTAL COLIBRI 1', NULL, NULL),
(563, 9610, 1, 4, 13, 2, 'UNIDAD EDUCATIVA NACIONAL BOLIVARIANA DOCTOR ALBERTO JOSE FERNANDEZ', NULL, NULL),
(564, 9611, 1, 4, 13, 2, 'UNIDAD EDUCATIVA EDUARDO ASSEF RAIDI', NULL, NULL),
(565, 9612, 4, 4, 13, 2, 'ESTADIO RAFAEL BENITEZ SOSA', NULL, NULL),
(566, 9613, 1, 4, 13, 2, 'UNIDA EDUCATIVA NACIONAL SANTOS MICHELENA', NULL, NULL),
(567, 9614, 5, 4, 13, 2, 'ESCUELA BASICA MONSEOR FELICIANO GONZALEZ', NULL, NULL),
(568, 9615, 1, 4, 13, 2, 'UNIDAD EDUCATIVA NACIONAL PEDRO JOSE MUGUERZA', NULL, NULL),
(569, 9616, 1, 4, 13, 2, 'INCE TEXTIL', NULL, NULL),
(570, 9617, 4, 4, 13, 2, 'MULTIHOGAR UD 17', NULL, NULL),
(571, 9618, 1, 4, 13, 2, 'CENTRO EXPERIMENTAL DE ARTES Y CIENCIAS ARAGUA PROGRAMA TALENTO', NULL, NULL),
(572, 9619, 1, 4, 13, 2, 'INSTITUTO DE EDUCACION ESPECIAL ROMULO GALLEGOS', NULL, NULL),
(573, 9621, 1, 4, 13, 2, 'ESCUELA BOLIVARIANA MARIA MAYOR RODRIGUEZ', NULL, NULL),
(574, 9622, 4, 4, 13, 2, 'MODULO ASISTECIAL SECTOR 6', 'CAÑA DE AZUCAR', 41302020),
(575, 9623, 4, 4, 13, 2, 'ASOSENIA INST. ESP. DE NIÑOS AUTISTAS', NULL, NULL),
(576, 9624, 1, 4, 13, 2, 'UNIVERSIDAD SIMON RODRIGUEZ', NULL, NULL),
(577, 9625, 4, 4, 13, 2, 'UNIVERSIDAD SIMON RODRIGUEZ', NULL, NULL),
(578, 9626, 1, 4, 13, 2, 'UNIDAD EDUCACATIVA AUTONOMA MARIA LUISA PAREDES DE ANTONINI.', NULL, NULL),
(579, 9627, 1, 4, 13, 2, 'PREESCOLAR NACIONAL BOLIVARIANO ANDRES ELOY BLANCO.', NULL, NULL),
(580, 9628, 1, 4, 13, 2, 'UNIDAD EDUCATIVA PRIVADA SAN VICENTE DE PAUL.', NULL, NULL),
(581, 9629, 1, 4, 13, 2, 'CENTRO DE EDUCACION INTEGRAL ANTONIO PEREZ BONALDE', NULL, NULL),
(582, 10481, 1, 4, 14, 1, 'UNIDAD EDUCATIVA LUIS LAPENTA', NULL, NULL),
(583, 10482, 1, 4, 14, 1, 'UNIDAD EDUCATIVA ESTADAL RURAL CONCENTRADA LOS ANAUCOS NUMERO 583', NULL, NULL),
(584, 10483, 1, 4, 14, 1, 'UNIDAD EDUCATIVA NACIONAL ELIZABET VONKELLER', NULL, NULL),
(585, 10510, 1, 4, 14, 1, 'PRESCOLAR MARTIN TOVAR Y TOVAR', NULL, NULL),
(586, 10511, 4, 4, 14, 1, 'ANTIGUO COLEGIO PARROQUIAL SAN M.TOURS', NULL, NULL),
(587, 10520, 1, 4, 14, 1, 'ESCUELA BASICA Nº 488', NULL, NULL),
(588, 10521, 1, 4, 14, 1, 'ESCUELA BASICA PEON DE GAVANTE', NULL, NULL),
(589, 10522, 1, 4, 14, 1, 'ESCUELA CONCENT Nº 3301', NULL, NULL),
(590, 10523, 1, 4, 14, 1, 'ESCUELA BASICA EL ROBLE', NULL, NULL),
(591, 10530, 1, 4, 14, 1, 'ESCUELA BASICA ROTARY CLUB', NULL, NULL),
(592, 10540, 1, 4, 14, 1, 'ESCUELA BASICA ESTADAL RURAL EL CEDRAL', NULL, NULL),
(593, 10550, 1, 4, 14, 1, 'ESCUELA BASICA ESTADAL LAS LUISAS NUMERO 583', NULL, NULL),
(594, 10551, 1, 4, 14, 1, 'UNIDAD EDUCATIVA ESTADAL PUERTO DE MAYA NUMERO 583', NULL, NULL),
(595, 10552, 4, 4, 14, 1, 'ESCUELA BASICA LA ENTRADA', NULL, NULL),
(596, 10553, 1, 4, 14, 1, 'ESCUELA LOURDES FRIGO', NULL, NULL),
(597, 10560, 1, 4, 14, 1, 'ESCUELA BASICA ESTADAL DOMINGO BORGES', NULL, NULL),
(598, 10561, 1, 4, 14, 1, 'UNIDAD EDUCATIVA NACIONAL MARTIN TOVAR', NULL, NULL),
(599, 10562, 1, 4, 14, 1, 'UNIDAD EDUCATIVA ESTADAL RURAL CUCURUCHO', NULL, NULL),
(600, 10563, 1, 4, 14, 1, 'UNIDAD EDUCATIVA CURTIDOR', NULL, NULL),
(601, 10564, 1, 4, 14, 1, 'UNIDAD EDUCATICA LA CIENAGA', NULL, NULL),
(602, 10565, 1, 4, 14, 1, 'UNIDAD EDUCATIVA ESTADAL MONTE OSCURO', NULL, NULL),
(603, 10566, 1, 4, 14, 1, 'UNIDAD EDUCATIVA LA LOMA', NULL, NULL),
(604, 10568, 1, 4, 14, 1, 'UNIDAD EDUCATIVA ESTADAL LAS HERNANDEZ', NULL, NULL),
(605, 11070, 1, 4, 15, 1, 'ESCUELA BASICA ESTADAL CAMATAGUA', NULL, NULL),
(606, 11071, 1, 4, 15, 1, 'CICLO BASICO FRANCISCO LINARES ALCANTARA', NULL, NULL),
(607, 11072, 1, 4, 15, 1, 'ESCUELA BASICA PASTOR RODRIGUEZ MANZO', NULL, NULL),
(608, 11074, 1, 4, 15, 1, 'ESCUELA BASICA ESTADAL LA CANDELARIA', NULL, NULL),
(609, 11075, 1, 4, 15, 1, 'PRE-ESCOLAR CARIDAD DE ESPAÑA', NULL, NULL),
(610, 11076, 1, 4, 15, 1, 'SIMONCITO ATENCION EDUCATIVA NO CONVENCIONAL JOSE GREGORIO HERNANDEZ', NULL, NULL),
(611, 11077, 1, 4, 15, 1, 'CASA COMUNAL BRISAS DE LA CALIFORNIA', NULL, NULL),
(612, 11073, 1, 4, 15, 2, 'UNIDAD EDUCATIVA ESTADAL CARUTICO NUCLEO EDUCATIVO RURAL Nº 184-A', NULL, NULL),
(613, 11080, 1, 4, 15, 2, 'ESCUELA BASICA ESTADAL 15 DE ENERO', NULL, NULL),
(614, 11081, 1, 4, 15, 2, 'ESCUELA UNITARIA MARIA DE NAZARET', NULL, NULL),
(615, 10040, 1, 4, 16, 1, 'ESCUELA BASICA JUAN USLAR', NULL, NULL),
(616, 10041, 1, 4, 16, 1, 'UNIDAD EDUCATIVA NACIONAL MANUEL CIPRIANO PEREZ', NULL, NULL),
(617, 10042, 1, 4, 16, 1, 'CASA DE LA CULTURA POETA PEDRO BUZNEGO', NULL, NULL),
(618, 10043, 1, 4, 16, 1, 'ESCUELA BASICA CREACION CALLE PAEZ', NULL, NULL),
(619, 10044, 1, 4, 16, 1, 'ESCUELA BASICA FRANCISCO JARAMILLO', NULL, NULL),
(620, 10050, 1, 4, 16, 1, 'UNIDAD EDUCATIVA ESTADAL ELENA TORRES', NULL, NULL),
(621, 10060, 1, 4, 16, 1, 'ESCUELA BASICA ESTADAL RURAL QUEBRADA SECA', NULL, NULL),
(622, 10070, 1, 4, 16, 1, 'UNIDAD EDUCATIVA ESTADAL RURAL EL CONDE', NULL, NULL),
(623, 10080, 5, 4, 16, 1, 'ESCUELA BASICA ESTADAL SOCORRO ACOSTA DE SANCHEZ', NULL, NULL),
(624, 10081, 1, 4, 16, 1, 'ESCUELA BASICA JOSE LEONARDO CHIRINOS', NULL, NULL),
(625, 10083, 1, 4, 16, 1, 'ESCUELA BASICA LUISA CACERES DE ARISMENDI', NULL, NULL),
(626, 10084, 1, 4, 16, 1, 'UNIDAD EDUCATIVA NACIONAL TASAJERA', NULL, NULL),
(627, 10090, 1, 4, 16, 1, 'UNIDAD EDUCATIVA ESTADAL RURAL MOROCOPO ALTO', NULL, NULL),
(628, 10370, 1, 4, 16, 1, 'ESCUELA BASICA NACIONAL ALIDA PEREZ MATOS', NULL, NULL),
(629, 10371, 1, 4, 16, 1, 'ALDEA UNIVERSITARIA JOSE RAFAEL REVENGA', NULL, NULL),
(630, 10372, 1, 4, 16, 1, 'PREESCOLAR NACIONAL BARRIO EL CONSEJO', NULL, NULL),
(631, 10373, 1, 4, 16, 1, 'UNIDAD EDUCATIVA NACIONAL DON SIMON RODRIGUEZ.', NULL, NULL),
(632, 10374, 1, 4, 16, 1, 'CASA DE LA CULTURA JOSEFA PIPA RAMIREZ.', NULL, NULL),
(633, 10375, 1, 4, 16, 1, 'UNIDAD EDUCATIVA NACIONAL BOLIVARIANA SANTA ROSALIA', NULL, NULL),
(634, 10376, 1, 4, 16, 1, 'UNIDAD EDUCATIVA NACIONAL MANUELA PERDOMO DE ALMEIDA', NULL, NULL),
(635, 10377, 1, 4, 16, 1, 'ESCUELA BASICA ESTADAL RURAL LA GRUTA NER004A', NULL, NULL),
(636, 10378, 1, 4, 16, 1, 'PREESCOLAR LA CASONA ESPACIO ALTERNATIVO', NULL, NULL),
(637, 10379, 1, 4, 16, 1, 'PREESCOLAR NACIONAL BOLIVARIANO SABANETA EL CONSEJO', NULL, NULL),
(638, 10380, 1, 4, 16, 1, 'SIMONCITO COMUNITARIO CAMINO REAL', NULL, NULL),
(639, 9790, 1, 4, 17, 1, 'UNIDAD EDUCATIVA ESTADAL SANTIAGO MARI O', NULL, NULL),
(640, 9791, 1, 4, 17, 1, 'UNIDAD EDUCATIVA PRIVADA REPUBLICA DE VENEZUELA', NULL, NULL),
(641, 9792, 1, 4, 17, 1, 'ESCUELA BASICA ESTADAL JULIAN LANDAETA ROBLES', NULL, NULL),
(642, 9793, 1, 4, 17, 1, 'GALPON DE SANTA INES', NULL, NULL),
(643, 9794, 1, 4, 17, 1, 'UNIDAD EDUCATIVA PRIVADA NUESTRA SEÑORA DE COROMOTO', NULL, NULL),
(644, 9795, 1, 4, 17, 1, 'UNIDAD EDUCATIVA PRIVADA VIRGEN DEL ROSARIO FE Y ALEGRIA', NULL, NULL),
(645, 9800, 1, 4, 17, 1, 'ESCUELA BASICA NACIONAL COROPO', NULL, NULL),
(646, 9801, 1, 4, 17, 1, 'ESCUELA BASICA COSTA DE RIO', NULL, NULL),
(647, 9820, 1, 4, 17, 1, 'ESCUELA BASICA PARMANACAY', NULL, NULL),
(648, 9821, 1, 4, 17, 1, 'ESCUELA BASICA 24 DE OCTUBRE', NULL, NULL),
(649, 9822, 1, 4, 17, 1, 'U E LEONARDO RUIZ PINEDA', NULL, NULL),
(650, 9823, 1, 4, 17, 1, 'ESCUELA BASICA NAC SANTA RITA', NULL, NULL),
(651, 9826, 1, 4, 17, 1, 'UESCUELA BASICA 24 DE JUNIO', NULL, NULL),
(652, 9861, 1, 4, 17, 1, 'UNIVERSIDAD DE CARABOBO MORITA II', NULL, NULL);
INSERT INTO `centro_votacion` (`id`, `cod_centro`, `tipo`, `cod_estado`, `cod_municipio`, `cod_parroquia`, `nombre_centro`, `G`, `H`) VALUES
(653, 9910, 4, 4, 17, 1, 'ESCUELA BASICA ARMINDA MORILLO', NULL, NULL),
(654, 9912, 1, 4, 17, 1, 'ESCUELA BASICA PRIVADA SIMON RODRIGUEZ', NULL, NULL),
(655, 9913, 1, 4, 17, 1, 'UNIDAD EDUCATIVA NACIONAL SAN FRANCISCO DE PAULA', NULL, NULL),
(656, 9914, 1, 4, 17, 1, 'UNIDAD EDUCATIVA PRIVADA MIS SAGRADOS PRINCIPIOS', NULL, NULL),
(657, 9915, 1, 4, 17, 1, 'UNIDAD EDUCATIVA PRIVADA MANUEL FELIPE DE TOVAR', NULL, NULL),
(658, 9916, 1, 4, 17, 1, 'ESCUELA BASICA LOS PROCERES', NULL, NULL),
(659, 9917, 1, 4, 17, 1, 'PREESCOLA ALVARO MARTINEZ PAIVA', NULL, NULL),
(660, 9918, 1, 4, 17, 1, 'UNIDAD EDUCATIVA PRIVADA ANTONIO JOSE DE SUCRE', NULL, NULL),
(661, 9919, 1, 4, 17, 1, 'TALLER DE EDUCACION ESPECIAL TELSUR', NULL, NULL),
(662, 9922, 1, 4, 17, 1, 'INSTITUTO DE EDUCACION ESPECIAL LINARES ALCANTARA', NULL, NULL),
(663, 9923, 1, 4, 17, 1, 'INSTITUTO DE EDUCACION ESPECIAL BOLIVARIANO MANUELITA SAEZ', NULL, NULL),
(664, 9924, 1, 4, 17, 1, 'CENTRO DE PARALISIS CEREBRAL LINARES ALCANTARA', NULL, NULL),
(665, 9925, 1, 4, 17, 1, 'UNIDAD EDUCATIVA NACIONAL COROPO III', NULL, NULL),
(666, 9926, 1, 4, 17, 1, 'PREESCOLAR NACIONAL SANTA BARBARA', NULL, NULL),
(667, 9927, 1, 4, 17, 1, 'ESPACIO EDUCATIVO COMUNITARIO EZEQUIEL ZAMORA', NULL, NULL),
(668, 9928, 1, 4, 17, 1, 'SIMONCITO COMUNITARIO ALBERTO SOLANO', NULL, NULL),
(669, 9929, 1, 4, 17, 1, 'UNIDAD EDUCATIVA INTEGRAL AYACUCHO', NULL, NULL),
(670, 9933, 1, 4, 17, 1, 'SIMONCITO COMUNITARIO MIS NINOS Y NINAS', NULL, NULL),
(671, 9934, 1, 4, 17, 1, 'UNIDAD EDUCATIVA ESTADAL ANDRES BELLO', NULL, NULL),
(672, 9935, 1, 4, 17, 1, 'UNIDAD EDUCATIVA PRIVADA GRANDES LIBERTADORES', NULL, NULL),
(673, 9840, 1, 4, 17, 2, 'ESCUELA BASICA FRANCISCO DE MIRANDA', NULL, NULL),
(674, 9841, 1, 4, 17, 2, 'UE PRIVADA NUEVA REPUBLICA', NULL, NULL),
(675, 9842, 1, 4, 17, 2, 'ESCUELA BASICA 18 DE MAYO', NULL, NULL),
(676, 9843, 1, 4, 17, 2, 'CENTRO DE ABSTECIMIENTO FAMILIAR', NULL, NULL),
(677, 9844, 1, 4, 17, 2, 'CENTRO DE CAPACITACION LABORAL VIRGEN DEL ROSARIO VENANCIO AZPIROZ', NULL, NULL),
(678, 9845, 1, 4, 17, 2, 'ESCUELA BASICAJORGE SEMIDEY', NULL, NULL),
(679, 9930, 1, 4, 17, 2, 'ESCUELA BASICA ARTURO SARCO VILLENA', NULL, NULL),
(680, 9931, 1, 4, 17, 2, 'UNIDAD EDUCATIVA NACIONAL CREACION VENEZUELA', NULL, NULL),
(681, 9932, 1, 4, 17, 2, 'CENTRO DE ATENCION VECINAL MARIA GARCIA', NULL, NULL),
(682, 9936, 1, 4, 17, 2, 'CENTRO COMUNITARIO DE USOS MULTIPLES SIMON RODRIGUEZ', NULL, NULL),
(683, 9722, 1, 4, 17, 3, 'ESCUELA BASICA REYNA DE VAZQUEZ', NULL, NULL),
(684, 9724, 1, 4, 17, 3, 'UNIDAD EDUCATIVA ESTADAL VICENTE TOVAR', NULL, NULL),
(685, 9726, 4, 4, 17, 3, 'EBE JUAN ROJAS VILORIA', NULL, NULL),
(686, 9727, 4, 4, 17, 3, 'E.B PARAPARAL II', NULL, NULL),
(687, 9847, 1, 4, 17, 3, 'ESCUELA BASICA PARAPARAL II', NULL, NULL),
(688, 9848, 1, 4, 17, 3, 'PREESCOLAR LUIS BELTRAN PRIETO FIGUEROA', NULL, NULL),
(689, 9849, 1, 4, 17, 3, 'PREESCOLAR NACIONAL MARACAY I.', NULL, NULL),
(690, 9851, 1, 4, 17, 3, 'CIELO ABIERTO SIMON BOLIVAR II', NULL, NULL),
(691, 9650, 1, 4, 18, 1, 'ESCUELA BASICA DELUYAR', NULL, NULL),
(692, 9651, 1, 4, 18, 1, 'UNIDAD EDUCATIVA ESTADAL CONCENTRADA LAS MONJAS', NULL, NULL),
(693, 9660, 1, 4, 18, 1, 'ESCUELA ESTADAL UNITARIA Nº 40', NULL, NULL),
(694, 9670, 1, 4, 18, 1, 'CONCENTRACION ESCOLAR NUMERO 54', NULL, NULL),
(695, 9680, 1, 4, 18, 1, 'ESCUELA BASICA ESTADAL JESUS IGNACIO ITURZAETA', NULL, NULL),
(696, 9690, 1, 4, 18, 1, 'UNIDAD EDUCATIVA NACIONAL BOLIVARIANA CATA', NULL, NULL),
(697, 9700, 1, 4, 18, 1, 'ESCUELA CUYAGUA', NULL, NULL),
(698, 9701, 1, 4, 18, 1, 'INCES OCUMARE DE LA COSTA DE ORO', NULL, NULL);

-- --------------------------------------------------------

--
-- Estructura de tabla para la tabla `menus`
--

CREATE TABLE IF NOT EXISTS `menus` (
  `id` int(11) NOT NULL AUTO_INCREMENT,
  `menus_id` int(11) DEFAULT NULL,
  `recursos_id` int(11) NOT NULL,
  `nombre` varchar(100) NOT NULL,
  `url` varchar(100) NOT NULL,
  `posicion` int(11) NOT NULL DEFAULT '100',
  `clases` varchar(50) DEFAULT NULL,
  `visible_en` int(11) NOT NULL DEFAULT '1',
  `activo` int(11) NOT NULL DEFAULT '1',
  PRIMARY KEY (`id`),
  KEY `menus_id` (`menus_id`),
  KEY `recursos_id` (`recursos_id`)
) ENGINE=InnoDB  DEFAULT CHARSET=utf8 AUTO_INCREMENT=25 ;

--
-- Volcado de datos para la tabla `menus`
--

INSERT INTO `menus` (`id`, `menus_id`, `recursos_id`, `nombre`, `url`, `posicion`, `clases`, `visible_en`, `activo`) VALUES
(1, 18, 1, 'Usuarios', 'admin/usuarios', 10, NULL, 2, 1),
(3, 18, 2, 'Roles', 'admin/roles', 20, NULL, 2, 1),
(4, 18, 3, 'Recursos', 'admin/recursos', 30, NULL, 2, 1),
(5, 18, 4, 'Menu', 'admin/menu', 100, NULL, 2, 1),
(7, 18, 5, 'Privilegios', 'admin/privilegios', 90, NULL, 2, 1),
(18, NULL, 17, 'Administración', 'admin/usuarios/index', 100, NULL, 2, 1),
(19, NULL, 14, 'Mi Perfil', 'admin/usuarios/perfil', 90, NULL, 2, 1),
(21, 18, 15, 'Config. Aplicacion', 'admin', 1000, NULL, 2, 1),
(22, 18, 18, 'Auditorias', 'admin/auditorias', 900, NULL, 2, 1),
(23, NULL, 20, 'Responsables por Centro', 'sys/responsables', 1, NULL, 2, 1),
(24, NULL, 21, 'Inicio', 'panel', 1, NULL, 2, 1);

-- --------------------------------------------------------

--
-- Estructura de tabla para la tabla `municipio`
--

CREATE TABLE IF NOT EXISTS `municipio` (
  `id` int(11) NOT NULL AUTO_INCREMENT,
  `nombre` varchar(50) NOT NULL,
  PRIMARY KEY (`id`)
) ENGINE=InnoDB DEFAULT CHARSET=utf8;

--
-- Volcado de datos para la tabla `municipio`
--

INSERT INTO `municipio` (`id`, `nombre`) VALUES
(1, 'GIRARDOT'),
(2, 'SANTIAGO MARIÑO'),
(3, 'JOSE FELIX RIBAS'),
(4, 'SAN CASIMIRO'),
(5, 'SAN SEBASTIAN'),
(6, 'SUCRE'),
(7, 'URDANETA'),
(8, 'ZAMORA'),
(9, 'LIBERTADOR'),
(10, 'JOSE ANGEL LAMAS'),
(11, 'BOLIVAR'),
(12, 'SANTOS MICHELENA'),
(13, 'MBI'),
(14, 'TOVAR'),
(15, 'CAMATAGUA'),
(16, 'JOSE RAFAEL REVENGA'),
(17, 'FLA'),
(18, 'OCUMARE');

-- --------------------------------------------------------

--
-- Estructura de tabla para la tabla `parroquia`
--

CREATE TABLE IF NOT EXISTS `parroquia` (
  `id` int(11) NOT NULL AUTO_INCREMENT,
  `nombre` varchar(50) NOT NULL,
  `parroquia_id` int(11) NOT NULL,
  `municipio_id` int(11) NOT NULL,
  PRIMARY KEY (`id`)
) ENGINE=InnoDB  DEFAULT CHARSET=utf8 AUTO_INCREMENT=51 ;

--
-- Volcado de datos para la tabla `parroquia`
--

INSERT INTO `parroquia` (`id`, `nombre`, `parroquia_id`, `municipio_id`) VALUES
(1, 'LAS DELICIAS', 1, 1),
(2, 'CHORON1', 2, 1),
(3, 'MADRE MARIA', 3, 1),
(4, 'JOAQUIN CRESPO', 4, 1),
(5, 'PEDRO JOSE OVALLES', 5, 1),
(6, 'JOSE CASANOVA GODOY', 6, 1),
(7, 'ANDRES ELOY BLANCO', 7, 1),
(8, 'LOS TACARIGUA', 8, 1),
(9, 'TURMERO', 1, 2),
(10, 'SAMAN DE GUERE', 2, 2),
(11, 'ALFREDO PACHECO MIRANDA', 3, 2),
(12, 'CHUAO', 4, 2),
(13, 'PEDRO AREVALO APONTE', 5, 2),
(14, 'LA VICTORIA', 1, 3),
(15, 'ZUATA', 2, 3),
(16, 'PAO ZARATE', 3, 3),
(17, 'CASTOR NIEVES RIOS', 4, 3),
(18, 'LAS GUACAMAYAS', 5, 3),
(19, 'SAN CASIMIRO', 1, 4),
(20, 'VALLE MORIN', 2, 4),
(21, 'GUIRIPA', 3, 4),
(22, 'OLLAS DE CARAMACATE', 4, 4),
(23, 'SAN SEBASTIAN', 1, 5),
(24, 'CAGUA', 1, 6),
(25, 'BELLA VISTA', 2, 6),
(26, 'BARBACOAS', 1, 7),
(27, 'SAN FRANCISCO DE CARA', 2, 7),
(28, 'TAGUAY', 3, 7),
(29, 'LAS PEÑITAS', 4, 7),
(30, 'VILLA DE CURA', 1, 8),
(31, 'MAGDALENO', 2, 8),
(32, 'SAN FRANCISCO DE ASIS', 3, 8),
(33, 'VALLES DE TUCUTUNEMO', 4, 8),
(34, 'AUGUSTO MIJARES', 5, 8),
(35, 'PALO NEGRO', 1, 9),
(36, 'SAN MARTIN DE PORRES', 2, 9),
(37, 'SANTA CRUZ', 1, 10),
(38, 'SAN MATEO', 1, 11),
(39, 'LAS TEJERIAS', 1, 12),
(40, 'TIARA', 2, 12),
(41, 'EL LIMON', 1, 13),
(42, 'CAÑA DE AZUCAR', 2, 13),
(43, 'COLONIA TOVAR', 1, 14),
(44, 'CAMATAGUA', 1, 15),
(45, 'CARMEN DE CURA', 2, 15),
(46, 'EL CONSEJO', 1, 16),
(47, 'SANTA RITA', 1, 17),
(48, 'FRANCISCO MIRANDA', 2, 17),
(49, 'MON. FELICIANO GONZALEZ', 3, 17),
(50, 'OCUMARE DE LA COSTA', 1, 18);

-- --------------------------------------------------------

--
-- Estructura de tabla para la tabla `recursos`
--

CREATE TABLE IF NOT EXISTS `recursos` (
  `id` int(11) NOT NULL AUTO_INCREMENT,
  `modulo` varchar(50) DEFAULT NULL,
  `controlador` varchar(50) NOT NULL,
  `accion` varchar(50) DEFAULT NULL,
  `recurso` varchar(200) NOT NULL,
  `descripcion` text,
  `activo` int(11) NOT NULL DEFAULT '1',
  PRIMARY KEY (`id`)
) ENGINE=InnoDB  DEFAULT CHARSET=utf8 AUTO_INCREMENT=22 ;

--
-- Volcado de datos para la tabla `recursos`
--

INSERT INTO `recursos` (`id`, `modulo`, `controlador`, `accion`, `recurso`, `descripcion`, `activo`) VALUES
(1, 'admin', 'usuarios', NULL, 'admin/usuarios/*', 'modulo para la administracion de los usuarios del sistema', 1),
(2, 'admin', 'roles', NULL, 'admin/roles/*', 'modulo para la gestion de los roles de la aplicacion\r\n', 1),
(3, 'admin', 'recursos', NULL, 'admin/recursos/*', 'modulo para la gestion de los recursos de la aplicacion', 1),
(4, 'admin', 'menu', NULL, 'admin/menu/*', 'modulo para la administracion del menu en la app', 1),
(5, 'admin', 'privilegios', NULL, 'admin/privilegios/*', 'modulo para la administracion de los privilegios que tendra cada rol', 1),
(11, NULL, 'index', NULL, 'index/*', 'modulo inicial del sistema, donde se loguean los usuarios y donde se desloguean', 1),
(14, 'admin', 'usuarios', 'perfil', 'admin/usuarios/perfil', 'modulo para la configuracion del perfil del usuario', 1),
(15, 'admin', 'index', NULL, 'admin/index/*', 'modulo para la configuración del sistema', 1),
(17, 'admin', 'usuarios', 'index', 'admin/usuarios/index', 'modulo para listar los usuarios del sistema, lo usará¡ el menu administracion', 1),
(18, 'admin', 'auditorias', NULL, 'admin/auditorias/*', 'Modulo para revisar las acciones que los usuarios han realizado en el sistema', 1),
(19, NULL, 'index', 'index', 'index/index', 'recurso que no necesita permisos, es solo de prueba :-)', 1),
(20, 'sys', 'responsables', '*', 'sys/responsables/*', 'Responsables', 1),
(21, NULL, 'panel', '*', 'panel/*', 'Panel', 1);

-- --------------------------------------------------------

--
-- Estructura de tabla para la tabla `responsables`
--

CREATE TABLE IF NOT EXISTS `responsables` (
  `id` int(11) NOT NULL AUTO_INCREMENT,
  `cv_id` int(11) NOT NULL,
  `municipio_id` int(11) NOT NULL,
  `parroquia_id` int(11) NOT NULL,
  `nombres` varchar(50) NOT NULL,
  `cedula` int(11) NOT NULL,
  `telefono` varchar(11) NOT NULL,
  `twitter` varchar(25) DEFAULT NULL,
  `lider` int(11) NOT NULL,
  `users` int(11) DEFAULT NULL,
  `c_at` datetime DEFAULT NULL,
  `m_in` datetime DEFAULT NULL,
  PRIMARY KEY (`id`)
) ENGINE=InnoDB  DEFAULT CHARSET=utf8 AUTO_INCREMENT=3 ;

--
-- Volcado de datos para la tabla `responsables`
--

INSERT INTO `responsables` (`id`, `cv_id`, `municipio_id`, `parroquia_id`, `nombres`, `cedula`, `telefono`, `twitter`, `lider`, `users`, `c_at`, `m_in`) VALUES
(1, 275, 3, 3, 'Héctor Rodríguez', 14436859, '04165444602', '413j4nd70', 1, 4, '2013-03-25 11:33:21', NULL),
(2, 275, 3, 3, 'Jesús Perez', 16537822, '04165555555', 'chuyvzla', 0, 4, '2013-03-25 11:34:35', NULL);

-- --------------------------------------------------------

--
-- Estructura de tabla para la tabla `roles`
--

CREATE TABLE IF NOT EXISTS `roles` (
  `id` int(11) NOT NULL AUTO_INCREMENT,
  `rol` varchar(50) NOT NULL,
  `plantilla` varchar(50) DEFAULT NULL,
  `activo` int(11) NOT NULL DEFAULT '1',
  PRIMARY KEY (`id`),
  UNIQUE KEY `rol` (`rol`)
) ENGINE=InnoDB  DEFAULT CHARSET=utf8 AUTO_INCREMENT=5 ;

--
-- Volcado de datos para la tabla `roles`
--

INSERT INTO `roles` (`id`, `rol`, `plantilla`, `activo`) VALUES
(1, 'usuario comun', NULL, 1),
(2, 'usuario administrador', NULL, 1),
(4, 'administrador del sistema', NULL, 1);

-- --------------------------------------------------------

--
-- Estructura de tabla para la tabla `roles_recursos`
--

CREATE TABLE IF NOT EXISTS `roles_recursos` (
  `id` int(11) NOT NULL AUTO_INCREMENT,
  `roles_id` int(11) NOT NULL,
  `recursos_id` int(11) NOT NULL,
  PRIMARY KEY (`id`),
  KEY `roles_id` (`roles_id`),
  KEY `recursos_id` (`recursos_id`)
) ENGINE=InnoDB  DEFAULT CHARSET=utf8 AUTO_INCREMENT=717 ;

--
-- Volcado de datos para la tabla `roles_recursos`
--

INSERT INTO `roles_recursos` (`id`, `roles_id`, `recursos_id`) VALUES
(690, 2, 19),
(691, 4, 19),
(692, 1, 21),
(693, 2, 21),
(694, 4, 21),
(695, 1, 20),
(696, 2, 20),
(697, 4, 20),
(698, 2, 18),
(699, 4, 18),
(700, 1, 15),
(701, 2, 15),
(702, 4, 15),
(703, 4, 4),
(704, 4, 5),
(705, 4, 3),
(706, 4, 2),
(707, 2, 1),
(708, 4, 1),
(709, 2, 17),
(710, 4, 17),
(711, 1, 14),
(712, 2, 14),
(713, 4, 14),
(714, 1, 11),
(715, 2, 11),
(716, 4, 11);

-- --------------------------------------------------------

--
-- Estructura de tabla para la tabla `roles_usuarios`
--

CREATE TABLE IF NOT EXISTS `roles_usuarios` (
  `id` int(11) NOT NULL AUTO_INCREMENT,
  `roles_id` int(11) NOT NULL,
  `usuarios_id` int(11) NOT NULL,
  PRIMARY KEY (`id`),
  KEY `roles_id` (`roles_id`),
  KEY `usuarios_id` (`usuarios_id`)
) ENGINE=InnoDB  DEFAULT CHARSET=utf8 AUTO_INCREMENT=7 ;

--
-- Volcado de datos para la tabla `roles_usuarios`
--

INSERT INTO `roles_usuarios` (`id`, `roles_id`, `usuarios_id`) VALUES
(1, 1, 2),
(2, 2, 3),
(3, 4, 3),
(4, 1, 4),
(5, 2, 5),
(6, 1, 6);

-- --------------------------------------------------------

--
-- Estructura de tabla para la tabla `usuarios`
--

CREATE TABLE IF NOT EXISTS `usuarios` (
  `id` int(11) NOT NULL AUTO_INCREMENT,
  `login` varchar(50) NOT NULL,
  `clave` varchar(40) NOT NULL,
  `nombres` varchar(100) NOT NULL,
  `email` varchar(100) NOT NULL,
  `activo` int(11) NOT NULL DEFAULT '1',
  `tipo` int(11) NOT NULL,
  `municipio_id` int(11) DEFAULT NULL,
  PRIMARY KEY (`id`),
  UNIQUE KEY `login` (`login`)
) ENGINE=InnoDB  DEFAULT CHARSET=utf8 AUTO_INCREMENT=7 ;

--
-- Volcado de datos para la tabla `usuarios`
--

INSERT INTO `usuarios` (`id`, `login`, `clave`, `nombres`, `email`, `activo`, `tipo`, `municipio_id`) VALUES
(2, 'usuario', 'baxuN8I44GotM', 'Héctor Rodríguez Velasquez', 'hrodriguez@jpsuvaragua.org.ve', 1, 1, 3),
(3, 'admin', 'baxuN8I44GotM', 'Héctor Rodriguez', 'rodriguez.hectoralejandro@gmail.com', 1, 0, NULL),
(4, 'jpsuv_ribas', 'baBktyFRRh5qs', 'JPSUV Ribas', 'q@q.com', 1, 1, 3),
(5, 'chuy', 'baBktyFRRh5qs', 'Jesús Perez', 'jeenpeve@hotmail.com', 1, 0, NULL),
(6, 'jpsuv_girardot', 'baBktyFRRh5qs', 'JPSUV Girardot', 'q@q.com', 1, 1, 1);

--
-- Restricciones para tablas volcadas
--

--
-- Filtros para la tabla `auditorias`
--
ALTER TABLE `auditorias`
  ADD CONSTRAINT `auditorias_ibfk_1` FOREIGN KEY (`usuarios_id`) REFERENCES `usuarios` (`id`) ON UPDATE CASCADE;

--
-- Filtros para la tabla `menus`
--
ALTER TABLE `menus`
  ADD CONSTRAINT `menus_ibfk_1` FOREIGN KEY (`menus_id`) REFERENCES `menus` (`id`) ON UPDATE CASCADE,
  ADD CONSTRAINT `menus_ibfk_2` FOREIGN KEY (`recursos_id`) REFERENCES `recursos` (`id`) ON UPDATE CASCADE;

--
-- Filtros para la tabla `roles_recursos`
--
ALTER TABLE `roles_recursos`
  ADD CONSTRAINT `roles_recursos_ibfk_1` FOREIGN KEY (`roles_id`) REFERENCES `roles` (`id`) ON UPDATE CASCADE,
  ADD CONSTRAINT `roles_recursos_ibfk_2` FOREIGN KEY (`recursos_id`) REFERENCES `recursos` (`id`) ON UPDATE CASCADE;

--
-- Filtros para la tabla `roles_usuarios`
--
ALTER TABLE `roles_usuarios`
  ADD CONSTRAINT `roles_usuarios_ibfk_1` FOREIGN KEY (`roles_id`) REFERENCES `roles` (`id`) ON UPDATE CASCADE,
  ADD CONSTRAINT `roles_usuarios_ibfk_2` FOREIGN KEY (`usuarios_id`) REFERENCES `usuarios` (`id`) ON DELETE CASCADE ON UPDATE CASCADE;

/*!40101 SET CHARACTER_SET_CLIENT=@OLD_CHARACTER_SET_CLIENT */;
/*!40101 SET CHARACTER_SET_RESULTS=@OLD_CHARACTER_SET_RESULTS */;
/*!40101 SET COLLATION_CONNECTION=@OLD_COLLATION_CONNECTION */;
